Date,ISO3,Country,BCI,Manufacturing: Confidence Index,Manufacturing: New Orders Index,Construction: Confidence Index,Construction: New Orders Index,Retail: Confidence Index,Retail: New Orders Index,Services: Confidence Index,Services: Activity Index,CCI,Consumer: Confidence Index,Consumer: Future Confidence Index,Consumer: Price Confidence Index,GDP,CPI,Unemployment,M3 Money Supply,Base Yield
01/01/1985,EA19,Euro area (19 countries),99.65,-5.9,-15.7,-49.8,-62.4,-25.4,,,,99.6,-10.5,-13.3,33.7,,,,16.81,
01/02/1985,EA19,Euro area (19 countries),99.4,-7.9,-18.9,-51.7,-63.1,-24.4,-29.1,,,99.77,-10.9,-15.2,37,,,,16.77,
01/03/1985,EA19,Euro area (19 countries),99.24,-9.3,-19.6,-48.5,-60.1,-27.1,-25.5,,,99.77,-11.9,-17.7,39.4,,,,16.84,
01/04/1985,EA19,Euro area (19 countries),99.23,-8.6,-18.4,-44.5,-58.4,-22.2,-27.2,,,99.75,-11.1,-16.5,37.5,,,,16.9,
01/05/1985,EA19,Euro area (19 countries),99.28,-7.6,-17.5,-45.7,-58.2,-19.8,-23.1,,,99.69,-11.5,-18.1,37.8,,,,16.92,
01/06/1985,EA19,Euro area (19 countries),99.31,-8.2,-17.5,-43.3,-57.8,-17.8,-17,,,99.64,-11.9,-19,38.4,,,,17.03,
01/07/1985,EA19,Euro area (19 countries),99.35,-8.2,-17.7,-40.7,-56.9,-21.8,-21.4,,,99.67,-11.6,-17.2,34.2,,,,17.16,
01/08/1985,EA19,Euro area (19 countries),99.44,-7.9,-16.5,-39.2,-54.9,-19.5,-20.8,,,99.79,-11.3,-16.4,33.7,,,,17.14,
01/09/1985,EA19,Euro area (19 countries),99.59,-6.5,-17.1,-35.5,-52.9,-13.6,-16,,,100.03,-11,-14.8,32,,,,17.19,
01/10/1985,EA19,Euro area (19 countries),99.7,-6,-15.1,-34.7,-50.9,-19.6,-27.1,,,100.39,-8.3,-12.5,31.5,,,,17.27,
01/11/1985,EA19,Euro area (19 countries),99.74,-5.4,-14.2,-34.7,-49.9,-14.9,-24.8,,,100.67,-8,-10.2,31.6,,,,17.34,
01/12/1985,EA19,Euro area (19 countries),99.67,-6.4,-15,-35.5,-51.3,-11.7,-20,,,100.93,-8.2,-12.4,32,,,,17.79,
01/01/1986,EA19,Euro area (19 countries),99.59,-7.3,-16.6,-34.2,-52.3,-5.5,-11.9,,,101.27,-5.7,-7,28.4,,,,18.07,
01/02/1986,EA19,Euro area (19 countries),99.56,-6.8,-15.5,-36.3,-54.4,-5.3,-13,,,101.53,-5,-6.1,27.9,,,,17.94,
01/03/1986,EA19,Euro area (19 countries),99.55,-6.7,-17.1,-33.7,-52.7,-7,-10.3,,,101.63,-4.5,-3,24.7,,,,18,
01/04/1986,EA19,Euro area (19 countries),99.54,-7.2,-16.6,-30.5,-49.7,-8.5,-9.5,,,101.6,-5,-5,27.9,,,,18.07,
01/05/1986,EA19,Euro area (19 countries),99.55,-6.8,-15.4,-28.8,-47,-6.5,-5,,,101.53,-5.4,-6.2,25.7,,,,18.08,
01/06/1986,EA19,Euro area (19 countries),99.55,-7.1,-17.1,-28.4,-44.6,-4.2,-3.2,,,101.5,-5.4,-5.9,20.6,,,,18.21,
01/07/1986,EA19,Euro area (19 countries),99.56,-6.8,-16.9,-26.7,-41.5,-3.7,-3.8,,,101.55,-5.4,-6.1,19.6,,,,18.34,
01/08/1986,EA19,Euro area (19 countries),99.53,-6.7,-16.9,-24.6,-40.7,-4.3,-3.5,,,101.66,-4.5,-4.9,18.5,,,,18.38,
01/09/1986,EA19,Euro area (19 countries),99.47,-7.3,-17.9,-23.5,-38.8,-1.8,-1.3,,,101.75,-4.5,-5.5,17.3,,,,18.46,
01/10/1986,EA19,Euro area (19 countries),99.4,-8.3,-17.9,-24.2,-36.8,1.5,2.5,,,101.8,-4,-3.4,14.4,,,,18.57,
01/11/1986,EA19,Euro area (19 countries),99.4,-7.8,-17.2,-25.3,-37.7,-2.1,-1.2,,,101.77,-4.4,-4.8,17.1,,,,18.74,
01/12/1986,EA19,Euro area (19 countries),99.4,-6.7,-17,-26.3,-40.6,-3.1,-5,,,101.69,-4.8,-5.5,19.4,,,,19.14,
01/01/1987,EA19,Euro area (19 countries),99.32,-8.2,-18,-28.8,-43.2,-1.2,-8.6,,,101.61,-4.8,-6.9,19.1,,,,19.34,
01/02/1987,EA19,Euro area (19 countries),99.27,-9.3,-19.3,-28.1,-44.8,-3.1,-8.8,,,101.5,-5.4,-8.3,23.8,,,,19.25,
01/03/1987,EA19,Euro area (19 countries),99.34,-7.7,-17.9,-26.4,-44.5,-1.6,-2.3,,,101.38,-5.6,-9.2,18.9,,,,19.28,
01/04/1987,EA19,Euro area (19 countries),99.45,-7.3,-17.7,-23.8,-38.8,-2.2,-3.1,,,101.24,-6,-10.8,19.6,,,,19.39,
01/05/1987,EA19,Euro area (19 countries),99.54,-6.6,-16.5,-20.5,-37.1,-6.8,-9.8,,,101.09,-6.8,-13.4,21.5,,,,19.55,
01/06/1987,EA19,Euro area (19 countries),99.62,-6.8,-16.1,-21.2,-35.4,-11.1,-10.9,,,100.99,-7.3,-13.7,22.2,,,,19.72,
01/07/1987,EA19,Euro area (19 countries),99.76,-6.4,-16,-20,-32.9,-5.8,-2.8,,,100.99,-7.1,-14,24.5,,,,19.81,
01/08/1987,EA19,Euro area (19 countries),99.97,-4.7,-14.7,-23.5,-36,-2.8,0.1,,,101.07,-7.2,-13.1,24.7,,,,19.86,
01/09/1987,EA19,Euro area (19 countries),100.15,-3.3,-13.1,-24.4,-35.7,-8.7,-10.3,,,101.19,-5.6,-11,24.8,,,,19.97,
01/10/1987,EA19,Euro area (19 countries),100.24,-3.1,-12.8,-18.8,-31.9,-8.9,-11.5,,,101.18,-6.2,-11.6,24.4,,,,20.1,
01/11/1987,EA19,Euro area (19 countries),100.24,-3.4,-11.4,-23.2,-33.8,-6,-9.9,,,101.11,-7.1,-14.8,27.1,,,,20.27,
01/12/1987,EA19,Euro area (19 countries),100.24,-3.7,-10.3,-26.6,-36.4,-4.6,-9,,,101.1,-6.6,-14.1,27.4,,,,20.67,
01/01/1988,EA19,Euro area (19 countries),100.3,-3.3,-9.9,-21.5,-34,-3.1,-5.9,,,101.13,-6.8,-14.8,24.1,,,,20.89,
01/02/1988,EA19,Euro area (19 countries),100.42,-2.2,-8.6,-31.2,-48,-5,-5.3,,,101.22,-6.2,-12.7,24,,,,20.81,
01/03/1988,EA19,Euro area (19 countries),100.56,-1.8,-8.5,-26.4,-42.8,-5.3,-5.7,,,101.32,-6,-11.8,23.6,,,,20.79,
01/04/1988,EA19,Euro area (19 countries),100.74,-0.8,-6.6,-21.9,-36.9,-4,-6.5,,,101.38,-5.2,-10.7,23.5,,,,20.9,
01/05/1988,EA19,Euro area (19 countries),100.95,0.2,-5.1,-21.2,-33.9,-5.2,-12.6,,,101.36,-5.9,-11.6,24.3,,,,21.11,
01/06/1988,EA19,Euro area (19 countries),101.16,1.8,-2.8,-18.9,-30.1,-2.6,-11.4,,,101.34,-5.8,-10.8,27.6,,,,21.27,
01/07/1988,EA19,Euro area (19 countries),101.33,2.1,-1.6,-15.6,-27.7,-3.7,-11.9,,,101.39,-6.2,-12.2,30.2,,,,21.46,
01/08/1988,EA19,Euro area (19 countries),101.52,2.8,-1.1,-13.9,-28.6,-5.9,-11.4,,,101.56,-5,-9.9,28.9,,,,21.54,
01/09/1988,EA19,Euro area (19 countries),101.75,4.3,1.4,-16.7,-25.9,0.1,-3.5,,,101.79,-4.4,-9.3,26.6,,,,21.58,
01/10/1988,EA19,Euro area (19 countries),101.95,6.3,2.9,-12.4,-24.1,1.3,0,,,102.01,-3.4,-5.7,26,,,,21.76,
01/11/1988,EA19,Euro area (19 countries),102.02,5.7,2.9,-15.9,-25.5,-4.2,3.5,,,102.13,-2.8,-3.5,25.5,,,,21.98,
01/12/1988,EA19,Euro area (19 countries),102.02,5.7,4.3,-15.3,-28.2,-2.4,4.8,,,102.11,-3.2,-5.5,30.4,,,,22.41,
01/01/1989,EA19,Euro area (19 countries),102.01,5.5,3.8,-12.7,-23.7,-2.9,-1.9,,,102,-3.6,-5.4,31.2,,,,22.65,
01/02/1989,EA19,Euro area (19 countries),102,6.2,5.6,-12.5,-24.6,-2.6,0.2,,,101.86,-4.1,-7.7,33.7,,,,22.59,
01/03/1989,EA19,Euro area (19 countries),101.96,5.3,5.1,-9.8,-20.7,-0.4,-0.5,,,101.73,-4.4,-8.7,37.1,,,,22.67,
01/04/1989,EA19,Euro area (19 countries),101.95,5,3.9,-6.7,-15.1,-1.8,1.7,,,101.63,-4.9,-9.7,38.4,,,,22.84,
01/05/1989,EA19,Euro area (19 countries),102,5.8,4.6,-9.3,-16.1,-2.9,4.7,,,101.63,-5.4,-11.5,37.1,,,,23.01,
01/06/1989,EA19,Euro area (19 countries),102.03,6.2,4.5,-4.7,-14.7,-1.3,4.8,,,101.77,-4.2,-8.9,33.2,,,,23.22,
01/07/1989,EA19,Euro area (19 countries),102,5.9,4.2,-3.9,-13.3,1.5,3.7,,,101.93,-3.5,-7,32,,,,23.49,
01/08/1989,EA19,Euro area (19 countries),101.92,5.3,3.8,-2.1,-9.9,-0.5,3.6,,,102.07,-3.6,-6.8,32.2,,,,23.58,
01/09/1989,EA19,Euro area (19 countries),101.84,4.4,2.6,-0.6,-10.9,-0.6,2.4,,,102.21,-2.6,-4.5,30.2,,,,23.64,
01/10/1989,EA19,Euro area (19 countries),101.82,4.6,2.4,0.4,-7.4,-0.5,7.7,,,102.3,-2.6,-5,32.9,,,,23.79,
01/11/1989,EA19,Euro area (19 countries),101.84,5.3,3.5,3.3,-6.9,-1,8.2,,,102.37,-2.5,-5.2,34.7,,,,23.99,
01/12/1989,EA19,Euro area (19 countries),101.8,4.8,3.1,1.3,-4,1.4,9.2,,,102.43,-1.8,-2.6,34.3,,,,24.6,
01/01/1990,EA19,Euro area (19 countries),101.72,4.4,3.1,1.8,-5.2,2.8,10,,,102.42,-2.2,-2.6,35,,,,24.98,
01/02/1990,EA19,Euro area (19 countries),101.62,3.1,2.6,1.5,-5.9,1.1,9.2,,,102.36,-2.1,-4.1,37,,,,24.89,
01/03/1990,EA19,Euro area (19 countries),101.56,3.8,1.8,0.8,-5.7,1.4,-1.1,,,102.27,-3.1,-6.7,39,,,,24.89,
01/04/1990,EA19,Euro area (19 countries),101.45,3.2,0.9,0.7,-6.6,-0.1,-0.7,,,102.23,-2.5,-5.3,39.2,,,,24.97,
01/05/1990,EA19,Euro area (19 countries),101.32,1.9,0,-2.4,-5.6,1.2,-1.1,,,102.18,-3.4,-6.8,39,,,,25.09,
01/06/1990,EA19,Euro area (19 countries),101.21,1.5,-0.1,2.4,-4.9,4.3,1,,,102.13,-3.2,-6.9,39.5,,,,25.71,
01/07/1990,EA19,Euro area (19 countries),101.12,1.3,-1,-1.9,-5.1,2.2,1.5,,,102,-3,-5.2,37.3,,,7.59,26.36,
01/08/1990,EA19,Euro area (19 countries),101.03,0.3,-1.1,-0.4,-5.2,3.3,2.5,,,101.63,-3.4,-7,39.2,,,7.64,26.38,
01/09/1990,EA19,Euro area (19 countries),100.94,0.7,-2.7,0.3,-7.5,2.8,0.8,,,101.08,-8.4,-21.2,53.5,,,7.7,26.53,
01/10/1990,EA19,Euro area (19 countries),100.77,-0.9,-3,-4.3,-10.5,3,0.1,,,100.8,-8.7,-19,51.9,,,7.72,26.76,
01/11/1990,EA19,Euro area (19 countries),100.51,-1.8,-5.2,-6.5,-12.9,2.3,1.8,,,100.76,-7.1,-17.2,47.4,,,7.76,26.91,
01/12/1990,EA19,Euro area (19 countries),100.12,-2.6,-8.6,-5.7,-13.5,2.9,2.7,,,100.66,-6.7,-15.4,43.7,,,7.79,27.56,
01/01/1991,EA19,Euro area (19 countries),99.57,-7.5,-17.5,-6.7,-15.6,-2.7,5.4,,,100.42,-10.1,-25.7,55.8,,,7.79,27.9,
01/02/1991,EA19,Euro area (19 countries),99.11,-9.9,-19.9,-7.9,-14.9,-7,0.2,,,100.38,-10.4,-28.2,55.3,,,7.81,27.76,
01/03/1991,EA19,Euro area (19 countries),98.85,-10.9,-23.2,-12.1,-18.2,-4.6,0.7,,,100.58,-7.5,-14.6,46.1,,,7.83,27.85,
01/04/1991,EA19,Euro area (19 countries),98.76,-10.7,-23.8,-17.4,-21.3,-4.7,1.7,,,100.68,-8.2,-16.9,41.9,,,7.87,27.95,
01/05/1991,EA19,Euro area (19 countries),98.73,-11,-25,-19.5,-25.2,-4.4,0.3,,,100.64,-7.6,-16.8,44.5,,,7.93,28.03,
01/06/1991,EA19,Euro area (19 countries),98.71,-11.2,-25.7,-19.3,-23.1,-4.2,0.7,,,100.4,-8.7,-19.3,45,,,7.59,28.25,
01/07/1991,EA19,Euro area (19 countries),98.68,-11.5,-25.9,-18,-23.5,-4.4,0.5,,,100.09,-11,-21.8,45.4,,,7.76,28.47,
01/08/1991,EA19,Euro area (19 countries),98.63,-11.1,-25.5,-17.5,-20.3,-4.2,-2,,,99.98,-11.3,-21.8,44.5,,,7.82,28.5,
01/09/1991,EA19,Euro area (19 countries),98.55,-12.7,-27.7,-20,-22.6,-4.4,1.7,,,100.05,-9.6,-18.9,42.1,,,7.84,28.62,
01/10/1991,EA19,Euro area (19 countries),98.51,-12.2,-26.5,-19.6,-27,-4.3,0.6,,,100.1,-10.2,-19.2,42.2,,,7.9,28.78,
01/11/1991,EA19,Euro area (19 countries),98.48,-12.1,-28,-18.9,-26.5,-2.2,-7.1,,,100.13,-9.9,-18.1,42.1,,,7.95,29,
01/12/1991,EA19,Euro area (19 countries),98.44,-13.1,-28.1,-13.5,-26.8,-3.4,-3.4,,,100.1,-9.9,-20.1,43.4,,,7.97,29.7,
01/01/1992,EA19,Euro area (19 countries),98.42,-12.8,-27.9,-17.1,-24.7,-8,-5.2,,,100.02,-11.1,-21.2,41.8,,,8.13,29.97,
01/02/1992,EA19,Euro area (19 countries),98.39,-12.6,-28.3,-17.2,-25.2,-1.6,-2.5,,,99.97,-10.1,-19.6,42.6,,,8.14,29.74,
01/03/1992,EA19,Euro area (19 countries),98.3,-13.3,-29.1,-24.4,-29.6,-6.4,-2.7,,,99.83,-10.7,-19.6,41,,,8.19,29.86,
01/04/1992,EA19,Euro area (19 countries),98.18,-14.5,-30.1,-25.3,-32.4,-8.4,-8.9,,,99.62,-12.1,-22,40.9,,,8.25,30.1,
01/05/1992,EA19,Euro area (19 countries),98.04,-14.5,-31.2,-26.1,-34,-12,-7.9,,,99.45,-12.8,-25,41.7,,,8.26,30.38,
01/06/1992,EA19,Euro area (19 countries),97.83,-15.5,-32.9,-23.3,-30,-15.7,-6.4,,,99.35,-12.8,-25.6,42.2,,,8.36,30.6,
01/07/1992,EA19,Euro area (19 countries),97.49,-17.7,-34.5,-30.8,-33.7,-18.5,-13.9,,,99.25,-12.6,-25.8,42.2,,,8.47,30.73,
01/08/1992,EA19,Euro area (19 countries),97.06,-19.4,-35.8,-29.9,-32.3,-19.8,-11,,,99,-13.6,-27.2,42.2,,,8.59,30.76,
01/09/1992,EA19,Euro area (19 countries),96.54,-22.1,-39.3,-29.2,-36.2,-26,-14.6,,,98.64,-15.3,-30.8,42.8,,,8.7,30.97,
01/10/1992,EA19,Euro area (19 countries),96,-25.6,-43.6,-41,-49.2,-22,-15.8,,,98.29,-16.7,-32.7,43.8,,,8.88,31.2,
01/11/1992,EA19,Euro area (19 countries),95.56,-28,-46.9,-37.4,-47.1,-23.4,-16,,,98.01,-17.2,-33.2,44.1,,,8.99,31.4,
01/12/1992,EA19,Euro area (19 countries),95.29,-28.9,-47.9,-28.8,-43.8,-24.2,-16.6,,,97.79,-18.1,-36.1,41.6,,,9.12,31.98,
01/01/1993,EA19,Euro area (19 countries),95.16,-29.8,-50.3,-38.3,-45.5,-27.8,-9.4,,,97.66,-18.9,-36.6,40.7,,,9.4,32.21,
01/02/1993,EA19,Euro area (19 countries),95.15,-29.6,-52.4,-35,-44.2,-28.3,-25.9,,,97.67,-18.3,-36.2,38.1,,,9.5,32.08,
01/03/1993,EA19,Euro area (19 countries),95.19,-28.8,-51.5,-37.9,-45.5,-25.2,-22.4,,,97.73,-19,-36.8,38.9,,,9.7,32.3,
01/04/1993,EA19,Euro area (19 countries),95.2,-29.7,-52.3,-38.4,-47.7,-19.1,-17.4,,,97.86,-17.1,-30.7,38.3,,,9.9,32.51,
01/05/1993,EA19,Euro area (19 countries),95.24,-28.9,-53.1,-34.6,-44.9,-20.9,-18.1,,,97.83,-17.3,-31,40.9,,,10,32.65,
01/06/1993,EA19,Euro area (19 countries),95.29,-28.7,-53.1,-41.1,-48.6,-25.1,-24.6,,,97.66,-19.2,-34.9,37.3,,,10.2,32.81,
01/07/1993,EA19,Euro area (19 countries),95.39,-29,-52.2,-39,-47.1,-20.6,-17.2,,,97.58,-19.2,-33.4,39,,,10.3,32.84,
01/08/1993,EA19,Euro area (19 countries),95.64,-27.2,-50.2,-41.2,-51.7,-20,-15,,,97.6,-18.7,-31.7,38.3,,,10.4,32.8,
01/09/1993,EA19,Euro area (19 countries),95.99,-25.3,-48.9,-44,-52.9,-20.7,-16,,,97.64,-18,-30.1,33.8,,,10.5,32.84,
01/10/1993,EA19,Euro area (19 countries),96.39,-23.1,-47,-39.2,-50.7,-23.6,-19.8,,,97.62,-18.7,-30.1,32.4,,,10.6,33.02,
01/11/1993,EA19,Euro area (19 countries),96.79,-20.5,-43.6,-39.4,-52,-17,-16.8,,,97.64,-19.2,-32.3,31.4,,,10.7,33.29,
01/12/1993,EA19,Euro area (19 countries),97.16,-19.9,-42.8,-36.7,-49.7,-19.3,-18.6,,,97.81,-17.5,-27.9,30,,,10.8,33.94,
01/01/1994,EA19,Euro area (19 countries),97.61,-17,-38.5,-37.2,-49.9,-22.1,-16.6,,,98.04,-17.7,-26.2,33,,,10.8,34.27,6.84
01/02/1994,EA19,Euro area (19 countries),98.09,-14.4,-35.8,-37.5,-45.7,-21.5,-14.7,,,98.44,-15.8,-22.7,29.6,,,10.9,34.09,6.73
01/03/1994,EA19,Euro area (19 countries),98.57,-12.2,-31.5,-31.7,-43.1,-18.1,-10.8,,,98.94,-14.4,-19.8,27.6,,,10.9,34.15,6.68
01/04/1994,EA19,Euro area (19 countries),99.03,-8.9,-27.5,-30.9,-41.6,-19.5,-16.9,,,99.51,-12.2,-13.8,25,,,10.9,34.27,6.22
01/05/1994,EA19,Euro area (19 countries),99.37,-7.8,-24.7,-31.8,-42.6,-18.4,-13.7,,,100.04,-10,-9,24.6,,,10.9,34.29,5.85
01/06/1994,EA19,Euro area (19 countries),99.68,-6.7,-21.9,-31.1,-42.6,-20.7,-17.1,,,100.43,-8.5,-5.4,22.8,,,10.9,34.36,6.32
01/07/1994,EA19,Euro area (19 countries),100.03,-4.4,-19.7,-27.7,-39.3,-18,-10.6,,,100.63,-8.7,-7,26,,,10.9,34.44,6.27
01/08/1994,EA19,Euro area (19 countries),100.4,-2.8,-16.3,-25.3,-35.1,-18.7,-16.5,,,100.79,-8,-6,25.2,,,10.8,34.32,5.94
01/09/1994,EA19,Euro area (19 countries),100.78,-0.7,-13.1,-22.6,-34.6,-15,-9.7,,,100.9,-7,-2.8,27.2,,,10.8,34.2,6
01/10/1994,EA19,Euro area (19 countries),101.14,1.7,-9.3,-21.7,-31.9,-14.6,-16.3,,,100.89,-7.4,-4.8,27.1,,,10.9,34.25,6.13
01/11/1994,EA19,Euro area (19 countries),101.39,2.5,-8.1,-23.1,-34.1,-19.2,-15.2,,,100.81,-7.7,-5.4,27,,,10.8,34.42,5.97
01/12/1994,EA19,Euro area (19 countries),101.54,3.6,-5.9,-21.1,-33.5,-20.5,-18,,,100.7,-8.1,-6.1,27.1,,,10.8,34.87,5.24
01/01/1995,EA19,Euro area (19 countries),101.57,3.1,-5,-23.2,-35.2,-19.5,-18.7,,,100.61,-8.4,-5.1,28.6,,,10.7,35.04,5.87
01/02/1995,EA19,Euro area (19 countries),101.52,3.8,-2.6,-26.2,-36.3,-14.9,-17.1,,,100.56,-8.5,-5.5,31.6,,,10.7,34.91,6.03
01/03/1995,EA19,Euro area (19 countries),101.35,2.1,-4.3,-27.7,-36.4,-20.4,-22,,,100.58,-8.8,-6.4,32.6,,,10.6,34.94,6.42
01/04/1995,EA19,Euro area (19 countries),101.12,1.1,-4.1,-27.6,-37.9,-19.6,-18.2,25.4,11.3,100.67,-8.3,-5.4,28.9,,,10.6,35,6.53
01/05/1995,EA19,Euro area (19 countries),100.86,-0.1,-5.3,-28.9,-37.6,-21.8,-14.1,25.5,10.9,100.78,-7.5,-3.4,28.4,,,10.6,35.15,6.48
01/06/1995,EA19,Euro area (19 countries),100.58,-1.9,-7.8,-30.9,-38.9,-19.9,-15.8,25.8,12.1,100.81,-7.5,-5.6,31,,,10.6,35.34,6.36
01/07/1995,EA19,Euro area (19 countries),100.3,-2.8,-10.6,-28.8,-37.3,-20.1,-9.6,24.6,14.5,100.72,-8.1,-7.5,33.7,,,10.6,35.42,6.2
01/08/1995,EA19,Euro area (19 countries),100,-4.4,-11.4,-31.5,-41.3,-22.5,-13.6,24.2,10.7,100.56,-8.3,-8.3,33.3,,,10.6,35.4,5.96
01/09/1995,EA19,Euro area (19 countries),99.7,-6.8,-15.7,-30.9,-41.7,-7.1,-10,24.5,8.7,100.33,-9.4,-12.1,27.8,,,10.7,35.52,5.8
01/10/1995,EA19,Euro area (19 countries),99.44,-7.3,-17.3,-32.8,-43,-21.2,-14.2,19.1,7.5,100.08,-10.5,-14.4,27.4,,,10.7,35.66,6.02
01/11/1995,EA19,Euro area (19 countries),99.16,-8.8,-18.8,-33,-42.6,-23.9,-15,18.9,5.2,99.87,-10.6,-15.7,26,,,10.7,35.88,5.76
01/12/1995,EA19,Euro area (19 countries),98.83,-10.2,-22.1,-35.3,-43.8,-23.1,-12.7,19.4,5.7,99.65,-11.8,-18.3,27.8,,,10.7,36.6,5.62
01/01/1996,EA19,Euro area (19 countries),98.47,-12.5,-24.4,-36.9,-43.9,-19.6,-18,16.4,8.5,99.48,-12.4,-19.6,28.4,,,10.7,36.99,5.26
01/02/1996,EA19,Euro area (19 countries),98.14,-14.7,-28.2,-38.5,-43.3,-17.2,-16,11.9,5.9,99.39,-12.8,-20.4,22.8,,,10.8,36.89,4.89
01/03/1996,EA19,Euro area (19 countries),97.94,-15.4,-29.9,-38,-44.2,-13.9,-17.1,10.3,5,99.37,-12.3,-19.4,21.8,1.42,,10.8,37.01,4.89
01/04/1996,EA19,Euro area (19 countries),97.86,-15.4,-30.8,-38.8,-44.2,-12.3,-13.1,12,5.5,99.37,-13,-20.5,22.9,1.42,,10.8,37.12,4.71
01/05/1996,EA19,Euro area (19 countries),97.85,-15.7,-29.8,-37.7,-44.5,-16.1,-17.2,11.2,2.6,99.41,-12.3,-18.7,21.9,1.42,,10.8,37.19,4.73
01/06/1996,EA19,Euro area (19 countries),97.91,-15.5,-30.6,-37.1,-46.5,-12.7,-15.3,10.7,2.1,99.42,-12.2,-18.2,21.3,1.54,,10.8,37.31,4.73
01/07/1996,EA19,Euro area (19 countries),98.04,-14.8,-29,-38.7,-48,-13.6,-17.2,11.5,3.4,99.4,-13.1,-20.2,22.8,1.54,,10.8,37.34,4.52
01/08/1996,EA19,Euro area (19 countries),98.24,-13.7,-28.4,-38.6,-46.1,-13.1,-17.4,13.8,4,99.42,-12.2,-19.4,19.8,1.54,,10.8,37.3,4.39
01/09/1996,EA19,Euro area (19 countries),98.45,-12.7,-27.5,-37.1,-43.3,-17.8,-18.2,16.1,7.2,99.4,-12.3,-19.7,19.5,1.71,,10.8,37.4,4.08
01/10/1996,EA19,Euro area (19 countries),98.65,-10.5,-25.5,-35.7,-42.7,-11,-14.2,18.6,11.6,99.34,-12.8,-20.1,21.4,1.71,,10.8,37.46,4.15
01/11/1996,EA19,Euro area (19 countries),98.76,-11.5,-26.8,-37.9,-43.9,-13,-9.2,22.9,15.5,99.32,-13.2,-22.4,22.3,1.71,,10.8,37.58,4.57
01/12/1996,EA19,Euro area (19 countries),98.93,-11.2,-26.7,-39.2,-44.3,-11.4,-21,23.9,16.9,99.38,-12.8,-20.2,21.7,1.82,,10.8,38.14,4.04
01/01/1997,EA19,Euro area (19 countries),99.21,-7.8,-22.5,-37.8,-43.1,-11.3,-10.6,19.4,14.8,99.48,-11.6,-19.3,22.1,1.82,2.2,10.8,38.4,4.35
01/02/1997,EA19,Euro area (19 countries),99.43,-7.3,-22.3,-33.2,-44.5,-13.7,-11.9,22.5,18.5,99.49,-12.3,-20.6,21.4,1.82,2,10.9,38.25,4.35
01/03/1997,EA19,Euro area (19 countries),99.6,-6.8,-20.6,-37.2,-46,-15.1,-17.1,24.3,21,99.51,-12.3,-21,20.1,1.95,1.7,10.8,38.34,4.09
01/04/1997,EA19,Euro area (19 countries),99.8,-5.9,-17.5,-35.7,-46.3,-15.3,-19.8,23.9,19.7,99.58,-12.1,-20.7,19.2,1.95,1.5,10.9,38.42,3.85
01/05/1997,EA19,Euro area (19 countries),100.04,-4.5,-15.6,-34.8,-44.9,-10.6,-14.5,27.1,25.2,99.74,-11.4,-18.9,17.5,1.95,1.5,10.8,38.61,3.84
01/06/1997,EA19,Euro area (19 countries),100.31,-3.1,-13.1,-36.4,-42.9,-12.8,-13.5,24.7,20.7,99.95,-10.6,-17.3,16.6,2.48,1.5,10.8,38.91,3.94
01/07/1997,EA19,Euro area (19 countries),100.59,-1.1,-9.5,-33.6,-43.3,-12.5,-12.2,23,19.5,100.19,-10,-15.3,15.9,2.48,1.6,10.7,39.03,3.83
01/08/1997,EA19,Euro area (19 countries),100.83,-0.9,-9.6,-36.8,-45.2,-15.1,-14.8,25.8,23.6,100.44,-8.9,-12.6,18.4,2.48,1.8,10.7,38.95,4.02
01/09/1997,EA19,Euro area (19 countries),101.05,1.3,-5.5,-34.7,-44.4,-17.4,-23.3,26.1,23.4,100.62,-7.9,-11.5,19.4,2.79,1.7,10.7,38.95,3.87
01/10/1997,EA19,Euro area (19 countries),101.19,1.8,-5.3,-36.5,-45.4,-10,-13.8,25.7,20.9,100.69,-8.3,-12.1,21.4,2.79,1.6,10.7,39.07,4.28
01/11/1997,EA19,Euro area (19 countries),101.26,1.3,-4.9,-28.9,-39.2,-8.8,-13.2,29,24.4,100.7,-7.8,-11.4,22.9,2.79,1.8,10.6,39.3,3.86
01/12/1997,EA19,Euro area (19 countries),101.35,2.4,-3.9,-29.2,-37.3,-7.6,-8.5,29.3,23.4,100.68,-8.3,-13,22.6,3.45,1.6,10.6,39.86,3.98
01/01/1998,EA19,Euro area (19 countries),101.41,2.9,-3,-28.1,-35.1,-7.2,-10.3,29.5,28.4,100.72,-8.3,-12.5,20.9,3.45,1.2,10.5,40.2,3.89
01/02/1998,EA19,Euro area (19 countries),101.42,2.3,-2.5,-28,-35.5,-4,-10,32.4,30.1,100.84,-7.7,-11.3,22.1,3.45,1.2,10.5,40.19,4.22
01/03/1998,EA19,Euro area (19 countries),101.41,3.4,-0.1,-24.6,-33.9,-6.9,-9.2,33.5,32.5,101,-6.4,-8.1,20.9,3.85,1.2,10.5,40.28,3.83
01/04/1998,EA19,Euro area (19 countries),101.3,2,-1.9,-26.5,-33.5,-8.1,-15.9,30.4,30.3,101.09,-7.1,-8.4,22.4,3.85,1.5,10.6,40.49,3.76
01/05/1998,EA19,Euro area (19 countries),101.17,0.5,-3.7,-24.3,-30.6,-7.3,-13.1,31.8,32.5,101.23,-6.1,-6.7,17.3,3.85,1.5,10.6,40.79,3.79
01/06/1998,EA19,Euro area (19 countries),101.06,1.3,-2.7,-20.9,-27.4,-5.2,-8.2,34,35.6,101.38,-6.2,-7.8,18,3.05,1.5,10.5,41.02,3.76
01/07/1998,EA19,Euro area (19 countries),100.86,0.2,-3.6,-16.5,-23.8,-5.2,-10.8,31.7,31.7,101.56,-4.4,-4.7,18,3.05,1.4,10.5,41.08,3.77
01/08/1998,EA19,Euro area (19 countries),100.5,-1.5,-6.3,-16.1,-24,-4,-10,34.2,35,101.66,-4.9,-5.7,16.9,3.05,1.3,10.4,41,3.78
01/09/1998,EA19,Euro area (19 countries),100.03,-4.2,-9.8,-18.4,-25.7,-6.6,-12.3,33,35.1,101.75,-4.8,-6.7,17.1,2.84,1.1,10.4,40.92,3.81
01/10/1998,EA19,Euro area (19 countries),99.57,-8.1,-14.4,-19.2,-26.6,-7.4,-16.4,31.3,32.6,101.87,-4,-5.4,17.3,2.84,1,10.3,41.05,3.66
01/11/1998,EA19,Euro area (19 countries),99.29,-8.3,-15.5,-17.9,-24,-9,-17.9,34.5,35.5,101.96,-3.4,-3.5,15.9,2.84,0.9,10.3,41.34,3.4
01/12/1998,EA19,Euro area (19 countries),99.12,-8.6,-17.5,-15.1,-23.6,-4,-14.7,33.7,34.6,101.97,-4,-5.6,15.1,1.82,0.8,10.2,41.83,3.09
01/01/1999,EA19,Euro area (19 countries),98.98,-10,-19,-12.1,-21.1,-19.5,-19,27.8,25.3,101.95,-3.6,-4.4,13.2,1.82,0.9,10.1,42.14,3.14
01/02/1999,EA19,Euro area (19 countries),98.9,-10.2,-20.4,-13,-21.3,-19.2,-21.6,29.5,26.9,101.82,-3.7,-4.9,15,1.82,0.8,10,42.02,3.12
01/03/1999,EA19,Euro area (19 countries),98.89,-10.3,-20.8,-12.4,-20.2,-16.2,-21,28.5,24.9,101.57,-5.1,-7,16.1,2.29,1,9.9,42,2.93
01/04/1999,EA19,Euro area (19 countries),98.96,-10,-21.1,-12.1,-19.9,-17.9,-18.5,22.4,18.1,101.34,-6.2,-12.9,23.8,2.29,1.1,9.9,42.23,2.71
01/05/1999,EA19,Euro area (19 countries),99.13,-9.5,-20.7,-11.2,-18.4,-16,-19.2,24.7,20.9,101.25,-6.5,-13.4,21.4,2.29,1,9.9,42.56,2.55
01/06/1999,EA19,Euro area (19 countries),99.42,-7.4,-18.6,-9.2,-17.3,-15.8,-17.4,24.1,22.4,101.3,-5.9,-11.4,21.8,2.31,0.9,9.8,42.84,2.56
01/07/1999,EA19,Euro area (19 countries),99.76,-5.6,-14.8,-10.8,-18.5,-14.9,-17.5,20.6,9.6,101.44,-5.3,-7.9,21.2,2.31,1.1,9.8,43,2.52
01/08/1999,EA19,Euro area (19 countries),100.1,-4.3,-13.8,-10.2,-18.4,-14,-14.6,21.5,8.3,101.61,-4.9,-7.5,18.8,2.31,1.2,9.7,42.93,2.44
01/09/1999,EA19,Euro area (19 countries),100.47,-2.3,-9.5,-9.9,-17.3,-13.5,-13.5,24.6,12.2,101.8,-4.7,-6.7,23.6,2.85,1.3,9.7,42.92,2.43
01/10/1999,EA19,Euro area (19 countries),100.82,-0.1,-7,-5.9,-14,-13.3,-13.1,30.9,31.3,102.05,-3,-3.1,23,2.85,1.4,9.6,43.1,2.5
01/11/1999,EA19,Euro area (19 countries),101.11,1.4,-5.1,-5.3,-12,-11.4,-12.9,32.8,33.6,102.23,-2.7,-2.1,22.6,2.85,1.5,9.6,43.4,2.94
01/12/1999,EA19,Euro area (19 countries),101.32,2.4,-2.6,-4.5,-11.4,-10.9,-11.5,32,34.2,102.35,-2.6,-2.7,27.1,3.9,1.8,9.5,44.02,3.04
01/01/2000,EA19,Euro area (19 countries),101.49,2.3,-3.5,-3.2,-12.6,-7,-10.8,31,31.9,102.46,-1.8,-0.8,28.3,3.9,1.9,9.4,44.48,3.04
01/02/2000,EA19,Euro area (19 countries),101.71,4.2,-0.3,-3.3,-13.5,2.2,-3.6,34.3,35.8,102.49,-1.9,-2.5,26.8,3.9,2,9.3,44.62,3.28
01/03/2000,EA19,Euro area (19 countries),101.93,5.9,3.4,-1,-9.8,-4.3,-1.4,35.4,36.8,102.48,-1.8,-1.6,29.5,4.04,2.1,9.2,44.83,3.51
01/04/2000,EA19,Euro area (19 countries),102.07,5.7,1.9,-1.9,-8.7,-1.1,0.7,29.8,36.8,102.43,-2.3,-0.9,22.6,4.04,1.8,9.1,45.25,3.69
01/05/2000,EA19,Euro area (19 countries),102.18,6.8,5.4,-0.2,-6.1,2.8,5.6,31.1,36.8,102.38,-1.9,-1.1,25.9,4.04,1.9,9,45.49,3.92
01/06/2000,EA19,Euro area (19 countries),102.22,7,6.3,0.1,-5.5,-5,-2,28.7,35,102.3,-3.2,-2.7,30.4,4.52,2.2,9,45.39,4.29
01/07/2000,EA19,Euro area (19 countries),102.2,6.6,3.9,1.9,-3.8,-6.4,-2.4,29.5,35.7,102.27,-2.3,-0.2,26.3,4.52,2.2,9,45.31,4.31
01/08/2000,EA19,Euro area (19 countries),102.16,6.5,2.9,-2,-7.1,-3.9,2.9,30.5,38.1,102.17,-1.9,0.8,26.4,4.52,2.1,8.9,45.27,4.42
01/09/2000,EA19,Euro area (19 countries),102.09,6.2,5.2,-1.8,-7,-10.2,3.8,28.2,33.5,101.97,-4.9,-6.2,33.7,3.93,2.5,8.8,45.24,4.59
01/10/2000,EA19,Euro area (19 countries),101.99,5.5,3.4,-2.6,-8.9,-7.3,-7.4,31.8,36.1,101.97,-4,-3.5,29.5,3.93,2.5,8.7,45.27,4.76
01/11/2000,EA19,Euro area (19 countries),101.85,4.9,3.2,-2,-8.6,-7.2,-6,28.2,31,102.09,-3,-3.7,31.9,3.93,2.5,8.7,45.44,4.83
01/12/2000,EA19,Euro area (19 countries),101.65,4.1,0.9,1.3,-7.5,-8,-10.4,27.4,29.9,102.19,-2.7,-2.7,31.3,3.44,2.6,8.6,45.94,4.83
01/01/2001,EA19,Euro area (19 countries),101.35,2.7,-1.2,-1,-7.1,-3.7,-2.7,27.1,25.2,102.19,-2.6,-3,29.8,3.44,2.1,8.5,46.86,4.76
01/02/2001,EA19,Euro area (19 countries),100.94,0.5,-2.1,-4.8,-8.5,-6.2,-4.9,22.7,21.6,102.08,-3.6,-5.6,31.9,3.44,2.1,8.4,47.51,4.99
01/03/2001,EA19,Euro area (19 countries),100.47,-2.2,-4.5,-2.8,-9,-2.5,-5.3,20,18.7,101.92,-3.6,-6.3,33.6,3.19,2.3,8.4,47.81,4.78
01/04/2001,EA19,Euro area (19 countries),100.04,-5.4,-10,-4.6,-11,-8.5,-6,18.8,17.4,101.7,-4.7,-8.7,34.8,3.19,2.8,8.4,48.22,5.06
01/05/2001,EA19,Euro area (19 countries),99.76,-5.7,-9.5,-4.5,-10.6,-10.5,-7.5,14.8,13.4,101.47,-5.4,-9.4,37.2,3.19,3.1,8.4,48.62,4.65
01/06/2001,EA19,Euro area (19 countries),99.54,-7.3,-12.2,-8.2,-10.9,-8.5,-7.7,16.6,17.8,101.25,-6.4,-11.9,35.8,2.34,2.9,8.4,49,4.54
01/07/2001,EA19,Euro area (19 countries),99.31,-7.5,-14.5,-8.9,-12.2,-7.6,-10.9,14.5,13.9,101.09,-6.5,-12.6,35.3,2.34,2.6,8.4,49.16,4.51
01/08/2001,EA19,Euro area (19 countries),98.93,-8.6,-17.2,-6.9,-12.3,-12.2,-13.6,11.5,12,100.93,-7.2,-14.4,37.2,2.34,2.4,8.4,49.14,4.49
01/09/2001,EA19,Euro area (19 countries),98.42,-13.5,-21.4,-10.5,-12.6,-12.2,-15.3,7.6,4.8,100.79,-7.8,-16.3,39.5,1.86,2.3,8.4,49.4,3.99
01/10/2001,EA19,Euro area (19 countries),98.08,-15.5,-24.2,-11.9,-14.1,-14,-12.9,0.5,-1.6,100.72,-8,-19.1,37.9,1.86,2.3,8.4,49.76,3.97
01/11/2001,EA19,Euro area (19 countries),98.04,-15.7,-25.8,-11.5,-16.4,-11.9,-17.2,-6.8,-13.8,100.74,-8.4,-18.9,35.1,1.86,2,8.5,50.14,3.51
01/12/2001,EA19,Euro area (19 countries),98.29,-12.2,-25.4,-10.4,-17.5,-13.6,-6.1,-4.6,-8.6,100.86,-7.4,-15,35.6,1.27,2.1,8.5,50.88,3.34
01/01/2002,EA19,Euro area (19 countries),98.58,-12.5,-25.5,-12.1,-19.2,-8.6,-10.1,3.7,-1.4,100.97,-6.9,-11.9,29.8,1.27,2.6,8.5,51.29,3.29
01/02/2002,EA19,Euro area (19 countries),98.93,-9.8,-21,-10.3,-16.6,-15.9,-11.6,4,-0.4,100.98,-7,-9.9,21.6,1.27,2.5,8.5,51.22,3.28
01/03/2002,EA19,Euro area (19 countries),99.23,-8.2,-21.9,-12.1,-17.7,-13,-10.6,7.2,3,100.88,-7,-8.7,19.7,0.41,2.5,8.5,51.4,3.26
01/04/2002,EA19,Euro area (19 countries),99.42,-8.2,-22.2,-12.5,-18.6,-13.3,-12,7.1,3.1,100.67,-8.8,-12.2,27.1,0.41,2.4,8.6,51.75,3.32
01/05/2002,EA19,Euro area (19 countries),99.53,-6,-19.1,-13.5,-21,-13.6,-13.8,5.3,1.7,100.51,-8.4,-9.5,20.2,0.41,2.1,8.6,52.14,3.31
01/06/2002,EA19,Euro area (19 countries),99.48,-7.3,-21,-13.2,-22.2,-14.5,-14.8,2.2,-3.8,100.33,-9.7,-11.9,17.9,0.85,1.9,8.6,52.43,3.35
01/07/2002,EA19,Euro area (19 countries),99.35,-8.3,-22.4,-15.2,-24.4,-14.8,-16.3,-1.2,-9.2,100.2,-9.5,-12.3,15.7,0.85,2,8.7,52.49,3.3
01/08/2002,EA19,Euro area (19 countries),99.27,-8.9,-24.6,-19.1,-26.5,-13,-16.2,-6.7,-8.8,100.03,-10.7,-14.1,15.5,0.85,2.2,8.7,52.53,3.29
01/09/2002,EA19,Euro area (19 countries),99.24,-8.1,-22,-17.9,-26.2,-10.8,-18.7,-3.6,-12.9,99.86,-10.7,-14.2,13.5,1.13,2.1,8.8,52.81,3.32
01/10/2002,EA19,Euro area (19 countries),99.22,-8.8,-22.2,-17.5,-26.9,-13.8,-20.1,-6.1,-15.8,99.61,-11.6,-15.4,13.7,1.13,2.3,8.8,53.13,3.3
01/11/2002,EA19,Euro area (19 countries),99.2,-8.6,-19.9,-19.3,-26.3,-9.8,-12.6,-5,-14.4,99.28,-12.9,-17.5,14.7,1.13,2.3,8.9,53.56,3.3
01/12/2002,EA19,Euro area (19 countries),99.18,-9,-20.4,-20.4,-25.6,-13.8,-14.1,-4.9,-16,98.96,-14.4,-20.9,16.5,1.27,2.3,8.9,54.33,3.09
01/01/2003,EA19,Euro area (19 countries),99.14,-9.2,-21.9,-16,-22.5,-15.8,-14,-3.4,-17.3,98.72,-14.8,-21.8,16.4,1.27,2.2,9,54.76,2.79
01/02/2003,EA19,Euro area (19 countries),99.07,-8.6,-20.5,-13.9,-20,-13.8,-15.8,-3.2,-16.4,98.57,-15.2,-24.1,16.8,1.27,2.4,9.1,54.94,2.76
01/03/2003,EA19,Euro area (19 countries),98.91,-10.6,-24,-15.3,-19.7,-16.3,-19.7,-4.3,-18,98.52,-16.2,-27.4,21.3,0.8,2.4,9.1,55.34,2.75
01/04/2003,EA19,Euro area (19 countries),98.76,-10.9,-25.9,-14.1,-19.6,-16.2,-17.3,-2.8,-13.5,98.64,-15.1,-24.5,18.4,0.8,2.1,9.1,55.96,2.56
01/05/2003,EA19,Euro area (19 countries),98.64,-11.5,-26.5,-15.1,-20.7,-15.3,-17.4,-3.3,-11.6,98.83,-14.5,-24.3,8.8,0.8,1.9,9.1,56.58,2.56
01/06/2003,EA19,Euro area (19 countries),98.6,-12.1,-28,-14.7,-20.1,-14.4,-17.2,-1.3,-10.1,99.03,-13.6,-23.5,6.9,0.37,2,9.2,56.78,2.21
01/07/2003,EA19,Euro area (19 countries),98.7,-12.1,-27.5,-14.7,-20.8,-13.9,-14.4,0.7,-7.6,99.14,-13.1,-21.6,7.8,0.37,2,9.1,56.82,2.08
01/08/2003,EA19,Euro area (19 countries),98.97,-9.3,-25.2,-15.3,-20.5,-13.4,-15,2.6,-7,99.17,-13.6,-20.6,10.3,0.37,2.1,9.1,56.85,2.1
01/09/2003,EA19,Euro area (19 countries),99.24,-8.7,-25.1,-14.9,-21.2,-13.3,-13.1,3.4,-4.4,99.21,-13.3,-20.2,11.9,0.53,2.2,9.1,56.8,2.02
01/10/2003,EA19,Euro area (19 countries),99.51,-7.2,-22.2,-15.5,-22.3,-11.8,-12.1,5.9,-2.4,99.28,-13.2,-19.4,9.4,0.53,2.1,9.1,57,2.01
01/11/2003,EA19,Euro area (19 countries),99.71,-5.1,-19.8,-13.9,-21.6,-10.5,-11,5.6,-3.3,99.36,-12.2,-17.4,8.5,0.53,2.2,9.2,57.48,1.97
01/12/2003,EA19,Euro area (19 countries),99.77,-6.2,-19.9,-12.8,-20.9,-13.5,-12.8,8.9,1.3,99.4,-12.7,-17,9,1.03,2,9.2,58,2.06
01/01/2004,EA19,Euro area (19 countries),99.81,-5.6,-19.6,-11.8,-21.6,-10.4,-11.1,6.7,0.6,99.45,-12.8,-14.2,10.5,1.03,1.8,9.3,58.25,2.02
01/02/2004,EA19,Euro area (19 countries),99.87,-5.4,-19.6,-12.6,-22.5,-10.6,-14.4,10.4,3.7,99.54,-11.7,-13.1,10.3,1.03,1.7,9.4,58.33,2.03
01/03/2004,EA19,Euro area (19 countries),99.99,-5.2,-20,-14.3,-21.5,-10.7,-13.7,7.1,0.6,99.54,-11.7,-14.2,9.9,1.86,1.7,9.4,58.58,2.01
01/04/2004,EA19,Euro area (19 countries),100.16,-3.5,-16.1,-11.3,-20.4,-10.4,-11.9,6.6,-2,99.45,-12.6,-16.3,7.9,1.86,2.1,9.4,58.97,2.08
01/05/2004,EA19,Euro area (19 countries),100.31,-2.7,-15.6,-11.5,-20.5,-11,-11.5,6,-2.4,99.39,-12.8,-17.8,12.6,1.86,2.5,9.3,59.34,2.02
01/06/2004,EA19,Euro area (19 countries),100.37,-2.6,-13.6,-11.5,-22.9,-11.5,-13.6,7.4,-1.2,99.4,-12.5,-16.6,12.6,2.39,2.4,9.3,59.59,2.03
01/07/2004,EA19,Euro area (19 countries),100.38,-2.7,-12.1,-15.1,-24,-9.6,-10.6,8.3,-0.1,99.46,-12.4,-15.6,10.6,2.39,2.3,9.3,59.87,2.07
01/08/2004,EA19,Euro area (19 countries),100.38,-2.9,-13.7,-12.8,-22.1,-11.5,-12.8,5.4,-5.1,99.53,-12.1,-16.2,12.3,2.39,2.4,9.3,59.92,2.04
01/09/2004,EA19,Euro area (19 countries),100.38,-2.8,-12.3,-13.7,-22.7,-10.1,-13.7,8.6,0.9,99.6,-11.7,-15.1,11.8,2.1,2.2,9.4,59.99,2.05
01/10/2004,EA19,Euro area (19 countries),100.36,-2.3,-11,-11.6,-21.9,-10.8,-10.4,8.1,1.1,99.63,-11.5,-15.9,10.1,2.1,2.4,9.4,60.42,2.11
01/11/2004,EA19,Euro area (19 countries),100.29,-3.5,-12,-12,-20,-13.4,-11.6,8,1.6,99.65,-12.1,-16.3,10.4,2.1,2.3,9.4,60.86,2.09
01/12/2004,EA19,Euro area (19 countries),100.2,-3.4,-11.3,-10,-17.9,-10.2,-10.2,6,-0.4,99.72,-11.6,-15.6,8.9,1.75,2.4,9.3,61.48,2.05
01/01/2005,EA19,Euro area (19 countries),100.05,-4.2,-11.6,-10.6,-17.2,-9.8,-12.1,9.6,2.4,99.84,-11,-14,11.6,1.75,1.9,9.3,62.01,2.08
01/02/2005,EA19,Euro area (19 countries),99.84,-5.1,-15.2,-10.7,-15.6,-10.9,-10.6,6.8,0.7,99.9,-10.6,-13.9,12.3,1.75,2.1,9.2,62.16,2.06
01/03/2005,EA19,Euro area (19 countries),99.58,-6.8,-17.2,-10.1,-16,-10.6,-11.5,7.2,1.5,99.84,-10.8,-13.9,13.3,1.45,2.2,9.2,62.38,2.06
01/04/2005,EA19,Euro area (19 countries),99.38,-8,-19.8,-8.2,-16.7,-9.2,-11.6,8.7,3,99.66,-11.4,-16,15,1.45,2.1,9.3,62.91,2.08
01/05/2005,EA19,Euro area (19 countries),99.29,-8.6,-19.5,-9,-15.7,-10.6,-10.4,9.4,4.8,99.42,-12.9,-19.4,15.2,1.45,2,9.3,63.56,2.07
01/06/2005,EA19,Euro area (19 countries),99.38,-8.3,-19.7,-9.8,-16.2,-10.9,-11.2,9,3.6,99.28,-13.1,-20,14.4,1.45,2,9.3,64.14,2.06
01/07/2005,EA19,Euro area (19 countries),99.61,-6.2,-16.8,-8.8,-15.6,-10.6,-11.2,9.9,5.4,99.24,-13.4,-20.9,18.3,1.45,2.1,9.2,64.73,2.07
01/08/2005,EA19,Euro area (19 countries),99.86,-5.3,-16.6,-7.6,-15,-9,-7.5,9.2,4.9,99.29,-12.4,-18.4,16.2,1.45,2.2,9.1,64.88,2.06
01/09/2005,EA19,Euro area (19 countries),100.09,-4.1,-13.7,-5.9,-12.8,-7.4,-6.4,10.4,7.3,99.33,-12.8,-17.5,19.8,1.97,2.6,9.1,65.05,2.09
01/10/2005,EA19,Euro area (19 countries),100.28,-2.6,-11.6,-5.3,-11,-6.9,-5.1,12.7,9.1,99.42,-12.5,-16.5,20,1.97,2.5,9.1,65.52,2.07
01/11/2005,EA19,Euro area (19 countries),100.4,-3,-11.5,-2,-6.9,-8.3,-8.8,13.4,10.6,99.58,-12.6,-17.6,19.6,1.97,2.3,9.1,65.87,2.09
01/12/2005,EA19,Euro area (19 countries),100.56,-1.7,-8.8,-4,-8,-4.5,-4.3,13.6,10.7,99.86,-10.7,-12.5,17.5,2.21,2.3,9,66.64,2.28
01/01/2006,EA19,Euro area (19 countries),100.77,-0.9,-8.2,-3.1,-6.8,-3.9,-3.4,15.3,12,100.11,-9.6,-11,17.3,2.21,2.5,8.9,67.2,2.33
01/02/2006,EA19,Euro area (19 countries),101.01,0.8,-6,-2.8,-8.5,-2,-3.1,12.8,7.7,100.23,-9.8,-11.1,19.2,2.21,2.4,8.9,67.3,2.35
01/03/2006,EA19,Euro area (19 countries),101.25,1.6,-4,-1.3,-7.7,-2.9,-2.2,14.6,10,100.28,-9.7,-12.3,19.7,2.89,2.2,8.8,67.74,2.52
01/04/2006,EA19,Euro area (19 countries),101.47,3.4,0.1,-1.2,-7,-0.6,-1.3,16.2,11.5,100.31,-9.1,-9.7,19.7,2.89,2.5,8.7,68.63,2.63
01/05/2006,EA19,Euro area (19 countries),101.63,3.6,-0.5,-0.2,-5.3,-3.2,-4.9,17.3,12.8,100.27,-9.5,-12.6,24.8,2.89,2.5,8.6,69.38,2.58
01/06/2006,EA19,Euro area (19 countries),101.75,4.7,3.4,0.3,-4.2,-0.8,-1.3,16.6,12.6,100.25,-10.1,-14.2,26.1,3.39,2.5,8.5,69.69,2.7
01/07/2006,EA19,Euro area (19 countries),101.83,5,4.3,1.6,-3,-1.6,-4.5,16.1,13.5,100.31,-9.2,-12.3,27.5,3.39,2.5,8.4,69.91,2.81
01/08/2006,EA19,Euro area (19 countries),101.9,4.5,2.3,0.7,-4.9,-0.2,-1.7,17.3,14.7,100.38,-9.2,-12,29.2,3.39,2.3,8.3,70.07,2.97
01/09/2006,EA19,Euro area (19 countries),102.03,6.1,4.1,1.7,-4.3,1.9,0.4,15.8,12.2,100.47,-8.7,-10.9,27,3.25,1.8,8.3,70.67,3.04
01/10/2006,EA19,Euro area (19 countries),102.14,6.5,5.7,1.9,-4.2,1.7,1,17.8,15.2,100.56,-8.8,-9.9,27.9,3.25,1.6,8.2,71.27,3.28
01/11/2006,EA19,Euro area (19 countries),102.22,6.9,6.8,2.2,-4.2,0.3,0.4,17.3,13.2,100.69,-8.3,-9.3,30.3,3.25,1.9,8.1,71.66,3.33
01/12/2006,EA19,Euro area (19 countries),102.26,7.5,8.9,3.8,-3.1,-0.6,-1.8,19,16.4,100.83,-6.9,-5.4,27.9,3.8,1.9,8,72.76,3.5
01/01/2007,EA19,Euro area (19 countries),102.23,6.4,6.3,2.5,-5.9,-0.3,-0.9,18.1,16.3,100.9,-7.9,-6.5,24.1,3.8,1.9,8,73.69,3.56
01/02/2007,EA19,Euro area (19 countries),102.23,6.9,7.6,1.2,-7.7,-0.9,0.1,17.6,14.8,101,-6.9,-4,21.3,3.8,1.9,7.9,73.94,3.57
01/03/2007,EA19,Euro area (19 countries),102.24,7,8.1,1.4,-7.7,-0.4,-2.4,19.6,17.3,101.11,-6.6,-4.3,20.7,3.52,2,7.8,74.84,3.69
01/04/2007,EA19,Euro area (19 countries),102.23,6.9,9,1.1,-6.3,1.8,2.3,19.9,17.3,101.22,-6.7,-4.6,20.3,3.52,1.9,7.7,75.88,3.82
01/05/2007,EA19,Euro area (19 countries),102.19,6.7,8,0.9,-4.9,1.5,0.4,17.7,15.1,101.33,-5.5,-1.9,19.8,3.52,1.9,7.6,76.59,3.79
01/06/2007,EA19,Euro area (19 countries),102.13,6.6,7.2,1.2,-4.9,0.6,-1,17.4,14.4,101.33,-6,-2.8,23.3,3.13,1.9,7.6,77.38,3.96
01/07/2007,EA19,Euro area (19 countries),102.04,5.8,6.8,1.3,-5.1,1.3,-1.3,17.2,15.7,101.2,-5.8,-3.4,23.1,3.13,1.8,7.6,78,4.06
01/08/2007,EA19,Euro area (19 countries),101.94,5.5,6.2,0.2,-7.6,1.3,0.4,17.2,17.1,100.89,-7.6,-6.9,33.1,3.13,1.8,7.5,78.29,4.05
01/09/2007,EA19,Euro area (19 countries),101.86,4.8,4.3,-0.4,-7,-2.1,-3,14.9,13.4,100.53,-9,-10.8,36.5,2.98,2.2,7.5,78.74,4.03
01/10/2007,EA19,Euro area (19 countries),101.8,4.2,3.5,-1.1,-8.6,-2.6,-2.6,14.6,11.8,100.18,-9.3,-10,32.6,2.98,2.6,7.4,79.67,3.94
01/11/2007,EA19,Euro area (19 countries),101.78,5.2,4.7,-2.4,-9.4,-0.8,-2.6,12.6,10.5,99.78,-11.8,-15.3,34.9,2.98,3.1,7.4,80.61,4.02
01/12/2007,EA19,Euro area (19 countries),101.68,4.2,4.4,-3.3,-9.8,-2.6,-1.8,12.2,9.5,99.48,-11.9,-14.1,31.4,2.3,3.1,7.4,81.51,3.88
01/01/2008,EA19,Euro area (19 countries),101.53,3.1,1.7,-3.8,-10,-3.6,-2.5,11.9,8.3,99.21,-13.8,-18.9,32.4,2.3,3.3,7.4,82.41,4.02
01/02/2008,EA19,Euro area (19 countries),101.34,2,0.9,-6.8,-12.4,-2.8,-4.2,10.5,7.2,99.05,-13.8,-18.8,28.7,2.3,3.3,7.4,82.95,4.03
01/03/2008,EA19,Euro area (19 countries),101.14,1.9,1.5,-7.1,-13.7,-2.7,-2.2,8.9,5,98.88,-14.1,-18.8,27,2.22,3.7,7.3,83.38,4.09
01/04/2008,EA19,Euro area (19 countries),100.86,-0.6,-3.8,-8.8,-15.8,-8.2,-8.6,7.6,3.6,98.58,-14.9,-20.7,26.7,2.22,3.3,7.4,84.17,3.99
01/05/2008,EA19,Euro area (19 countries),100.56,-1.6,-4.3,-9,-16.6,-6.2,-6.6,8.3,4.2,98.1,-16.2,-23,30.1,2.22,3.7,7.5,85.03,4.01
01/06/2008,EA19,Euro area (19 countries),100.22,-3.8,-7.7,-10.9,-19.4,-9.6,-10.9,5.4,1.4,97.53,-19.7,-28.4,33.7,1.14,4,7.6,85.53,4.01
01/07/2008,EA19,Euro area (19 countries),99.83,-6,-11.6,-13.6,-21.9,-14.9,-15,1.9,-2.1,97.2,-21.7,-33.8,33.9,1.14,4.1,7.6,85.76,4.19
01/08/2008,EA19,Euro area (19 countries),99.32,-7.8,-12.8,-14.5,-22.5,-14,-16.9,-2.9,-7.9,97.24,-19.7,-30.4,26.9,1.14,3.9,7.7,86.02,4.3
01/09/2008,EA19,Euro area (19 countries),98.53,-10.5,-18.4,-17.7,-24.3,-12.4,-15.2,-3.2,-7.1,97.3,-18.3,-28.1,21.4,0.16,3.7,7.7,86.44,4.27
01/10/2008,EA19,Euro area (19 countries),97.36,-17.3,-25.6,-22.3,-29.4,-17.1,-19.7,-8,-11.8,97.16,-20.9,-34.9,22.8,0.16,3.2,7.9,87.36,3.82
01/11/2008,EA19,Euro area (19 countries),96.01,-25.9,-37,-25.2,-33,-17.6,-24.6,-11.3,-15.5,96.99,-20.6,-34.7,13.8,0.16,2.2,8.1,88.15,3.15
01/12/2008,EA19,Euro area (19 countries),94.9,-33.4,-47,-26.7,-35,-25,-31.6,-16.7,-22.2,96.82,-21.8,-39,7.8,-2.17,1.7,8.4,88.61,2.49
01/01/2009,EA19,Euro area (19 countries),94.29,-32.7,-49,-30.9,-36.3,-22,-27.6,-18.6,-24,96.71,-21.4,-38.2,5.3,-2.17,1.2,8.8,88.76,1.81
01/02/2009,EA19,Euro area (19 countries),93.96,-35.8,-57,-31.8,-38.3,-21,-28.5,-20.3,-25.4,96.65,-22.2,-40,3.2,-2.17,1.2,9.1,88.72,1.26
01/03/2009,EA19,Euro area (19 countries),93.96,-36.9,-60.2,-33.2,-40.3,-17.7,-27.8,-23.3,-28.2,96.77,-22.4,-43.6,-0.4,-5.68,0.6,9.4,88.75,1.06
01/04/2009,EA19,Euro area (19 countries),94.3,-33.6,-59.6,-35.1,-43.2,-21.4,-29.2,-22.6,-27.6,97.12,-20,-35.9,-3.2,-5.68,0.6,9.5,89.11,0.84
01/05/2009,EA19,Euro area (19 countries),94.8,-31,-60,-33.7,-44.6,-14.3,-24.7,-18.8,-23.8,97.54,-18.8,-30.3,-6,-5.68,0.1,9.6,89.37,0.78
01/06/2009,EA19,Euro area (19 countries),95.37,-28.5,-59.7,-34.3,-45,-16.5,-23.3,-16.5,-21.9,97.98,-17.5,-27.8,-4.1,-5.38,-0.1,9.7,89.22,0.7
01/07/2009,EA19,Euro area (19 countries),95.98,-25.8,-57.2,-33.7,-43.6,-14.3,-21.3,-14.5,-20.9,98.44,-15.9,-22.2,-5.4,-5.38,-0.6,9.8,89.02,0.36
01/08/2009,EA19,Euro area (19 countries),96.59,-21.6,-51.6,-31.4,-42.5,-12.1,-17.9,-8.5,-13.6,98.9,-14.5,-19.7,-8.1,-5.38,-0.1,9.8,88.66,0.35
01/09/2009,EA19,Euro area (19 countries),97.09,-19.6,-50.3,-30.2,-42.3,-12.3,-17.2,-6.3,-12,99.31,-12.6,-13.4,-5.2,-4.5,-0.3,10,88.45,0.36
01/10/2009,EA19,Euro area (19 countries),97.46,-17.2,-47.4,-30.4,-42.8,-12.5,-16.2,-5.6,-10.2,99.59,-11.7,-11.7,-5,-4.5,-0.1,10.1,88.37,0.36
01/11/2009,EA19,Euro area (19 countries),97.72,-16.6,-46.8,-29.3,-41.6,-10.3,-12.2,-3.8,-8.7,99.71,-11.6,-11.3,-1.9,-4.5,0.5,10.1,88.2,0.36
01/12/2009,EA19,Euro area (19 countries),97.96,-15.3,-44.1,-29.8,-41.8,-10,-13.4,-1.7,-6.3,99.69,-11.3,-11.7,0.5,-2.32,0.9,10.2,88.29,0.35
01/01/2010,EA19,Euro area (19 countries),98.23,-13.6,-40.5,-30.2,-40.6,-7.2,-13.8,-0.2,-4,99.51,-11.9,-12.6,4,-2.32,0.9,10.2,88.22,0.34
01/02/2010,EA19,Euro area (19 countries),98.57,-12.7,-39.7,-31.4,-41.5,-9.1,-13.7,0,-3.8,99.25,-13.6,-15.9,4.8,-2.32,0.8,10.3,87.85,0.34
01/03/2010,EA19,Euro area (19 countries),99,-9.8,-36.6,-27.7,-39.5,-9.1,-12.3,0.8,-3.3,99.02,-14.2,-17,7.5,1.25,1.6,10.3,87.79,0.35
01/04/2010,EA19,Euro area (19 countries),99.44,-6.9,-30,-27.4,-40.2,-3.5,-7.6,5.5,2.4,98.82,-13,-15.2,11.5,1.25,1.6,10.3,88.24,0.35
01/05/2010,EA19,Euro area (19 countries),99.8,-5.4,-25.9,-28.8,-41.3,-6,-8.9,3,-0.3,98.53,-16.3,-25.2,15.5,1.25,1.7,10.3,88.78,0.34
01/06/2010,EA19,Euro area (19 countries),100.08,-4.7,-24.2,-29.2,-42.6,-6.4,-10,2.9,1,98.47,-16.9,-25.1,16.3,2.26,1.5,10.3,88.1,0.35
01/07/2010,EA19,Euro area (19 countries),100.36,-2.6,-19.5,-28.4,-40.7,-5.9,-10.3,5,2.3,98.76,-14.9,-16.8,16.1,2.26,1.7,10.2,87.23,0.48
01/08/2010,EA19,Euro area (19 countries),100.6,-1.3,-16.1,-27.3,-37.1,-4.1,-7.5,5.2,3.2,99.16,-12.5,-11.1,15.1,2.26,1.6,10.2,87.21,0.43
01/09/2010,EA19,Euro area (19 countries),100.78,-0.6,-14.9,-24.9,-35.4,-2.6,-2.9,7,5.1,99.42,-12.1,-11.2,14.3,2.27,1.9,10.2,87.24,0.45
01/10/2010,EA19,Euro area (19 countries),100.94,0.5,-12.1,-25.3,-34.9,-1.9,-2.8,7.2,4.8,99.52,-12.7,-11.5,13.7,2.27,1.9,10.2,87.26,0.7
01/11/2010,EA19,Euro area (19 countries),101.07,0.2,-13,-25.1,-35.6,-2.7,-2.3,7.5,5.2,99.55,-11.4,-9.1,14.3,2.27,1.9,10.2,87.37,0.59
01/12/2010,EA19,Euro area (19 countries),101.26,2,-9.2,-25.9,-36.3,2.2,-0.6,7.3,5.8,99.43,-12.6,-12.2,17.1,2.44,2.2,10.2,87.67,0.5
01/01/2011,EA19,Euro area (19 countries),101.43,3.1,-6.7,-24.2,-36,-0.2,-4.3,6.8,4.8,99.29,-13.5,-14.2,24,2.44,2.3,10.1,87.85,0.66
01/02/2011,EA19,Euro area (19 countries),101.53,3,-6,-23.7,-34.3,-0.3,-1.3,8.6,6.6,99.19,-12.7,-13.3,26.8,2.44,2.4,10.1,87.75,0.71
01/03/2011,EA19,Euro area (19 countries),101.58,3.7,-3.8,-23.3,-33,-2,-4.1,7.3,3.6,99.03,-13.7,-16.3,31.5,2.92,2.7,10.1,87.84,0.66
01/04/2011,EA19,Euro area (19 countries),101.53,3.6,-3.1,-22,-31.7,-2,-2.3,7.6,4.4,98.88,-14.9,-18.1,31.3,2.92,2.8,10,88.28,0.97
01/05/2011,EA19,Euro area (19 countries),101.36,2.1,-5.4,-20.8,-30.2,-2.5,-4.1,8.3,5.2,98.82,-14.9,-15.7,27.8,2.92,2.7,10.1,88.57,1.03
01/06/2011,EA19,Euro area (19 countries),101.11,1.5,-5.4,-21,-29.4,-4.9,-7,8.5,6.2,98.79,-14.3,-15.8,26.4,1.91,2.7,10.1,88.63,1.12
01/07/2011,EA19,Euro area (19 countries),100.76,-0.6,-7.7,-21.3,-29.9,-6,-7.1,7.2,5,98.65,-14.2,-17,27.6,1.91,2.6,10.2,88.7,1.01
01/08/2011,EA19,Euro area (19 countries),100.37,-2.7,-9.9,-19.8,-29.7,-9.5,-10.4,4.9,1.6,98.32,-16.8,-25.3,27.7,1.91,2.6,10.3,88.9,0.91
01/09/2011,EA19,Euro area (19 countries),100,-5.2,-13,-22.9,-30.7,-10.2,-12.6,1.4,-2.3,98.02,-17.4,-27.6,26.7,1.64,3,10.4,89.18,1.01
01/10/2011,EA19,Euro area (19 countries),99.75,-5.4,-13.1,-23.3,-30.1,-12.5,-13.6,1.3,-2,97.81,-18.6,-29.8,26,1.64,3,10.5,89.14,0.96
01/11/2011,EA19,Euro area (19 countries),99.55,-7.3,-16.2,-22.4,-29.4,-13.2,-13.8,-0.1,-4.8,97.74,-17.7,-28.8,25.5,1.64,3,10.7,89.05,0.79
01/12/2011,EA19,Euro area (19 countries),99.47,-7.8,-17.2,-24,-30.3,-15.1,-17.4,-2.2,-7.1,97.7,-18.5,-28.6,31.5,0.61,2.8,10.8,89.52,0.63
01/01/2012,EA19,Euro area (19 countries),99.49,-7,-16.6,-23.5,-29.9,-15.5,-18.2,-2.6,-8.1,97.71,-18.9,-29.1,30.8,0.61,2.7,10.8,89.74,0.38
01/02/2012,EA19,Euro area (19 countries),99.5,-6.8,-16.6,-21.7,-29.5,-13.6,-17.5,-1.8,-7.2,97.82,-17.9,-25.7,30.2,0.61,2.7,11,89.6,0.37
01/03/2012,EA19,Euro area (19 countries),99.44,-7.5,-18.3,-22.3,-28.6,-11.8,-16.6,-0.5,-5.5,97.9,-17,-23.7,28.4,-0.51,2.7,11.2,90.12,0.36
01/04/2012,EA19,Euro area (19 countries),99.32,-7.8,-19,-22.9,-29.2,-10.5,-16,-1.6,-7.2,97.83,-18.2,-25.8,31.8,-0.51,2.6,11.3,90.61,0.35
01/05/2012,EA19,Euro area (19 countries),99.14,-9.4,-22.5,-23.7,-30.8,-16.4,-17.1,-2.9,-9,97.73,-18.6,-26.1,26,-0.51,2.4,11.3,90.8,0.34
01/06/2012,EA19,Euro area (19 countries),98.95,-9.8,-22.5,-23.3,-32,-13.4,-17.1,-4.6,-9.8,97.64,-18.5,-28.7,24,-0.75,2.4,11.4,91.15,0.33
01/07/2012,EA19,Euro area (19 countries),98.76,-11.3,-24.1,-24.4,-32.4,-15.3,-18.4,-5.8,-11.1,97.5,-18.9,-28,25.9,-0.75,2.4,11.5,91.46,0.18
01/08/2012,EA19,Euro area (19 countries),98.59,-11.6,-23.7,-26.1,-32.8,-16.8,-20.3,-7,-12.1,97.31,-19.5,-31,29.6,-0.75,2.6,11.5,91.48,0.11
01/09/2012,EA19,Euro area (19 countries),98.44,-12,-25.3,-25.8,-34.7,-18.5,-22.2,-8.5,-13.1,97.11,-21,-31.6,31,-1,2.6,11.7,91.42,0.1
01/10/2012,EA19,Euro area (19 countries),98.32,-14.7,-29.7,-28,-36.4,-16.9,-19.5,-7.5,-11.7,97.01,-20.6,-30.8,29.2,-1,2.5,11.8,91.74,0.09
01/11/2012,EA19,Euro area (19 countries),98.39,-12.7,-28,-28.7,-36.9,-14.7,-20.2,-7.8,-11.2,96.97,-20.8,-30.2,27.8,-1,2.2,11.9,92.02,0.08
01/12/2012,EA19,Euro area (19 countries),98.55,-11.9,-27.7,-28.9,-36,-17.5,-20.9,-7,-12,97.02,-21.5,-32.1,26.6,-1.02,2.2,12,92.27,0.07
01/01/2013,EA19,Euro area (19 countries),98.72,-11.5,-27.4,-25.5,-33.7,-16.6,-22.7,-5.3,-9.7,97.19,-19.8,-28.9,26.4,-1.02,2,12.2,92.21,0.07
01/02/2013,EA19,Euro area (19 countries),98.86,-9.5,-24.9,-25.3,-33.3,-17,-18.5,-5.9,-11.6,97.34,-19.3,-26,23,-1.02,1.9,12.2,91.96,0.07
01/03/2013,EA19,Euro area (19 countries),98.87,-10.2,-27.4,-25.6,-33.3,-18.3,-21.7,-5.7,-11.1,97.42,-19.5,-27.8,23.9,-1.14,1.7,12.2,92.22,0.07
01/04/2013,EA19,Euro area (19 countries),98.84,-11.3,-29.7,-25.6,-34.3,-19.6,-20.4,-8,-11.9,97.48,-18.8,-27.1,21.5,-1.14,1.2,12.2,92.69,0.08
01/05/2013,EA19,Euro area (19 countries),98.93,-10.4,-26.8,-26.8,-35,-16.9,-20.8,-6.7,-11.1,97.52,-19.5,-28.8,19.5,-1.14,1.4,12.1,92.93,0.08
01/06/2013,EA19,Euro area (19 countries),99.14,-8.8,-24.2,-26.7,-35.3,-13.7,-17.5,-5.2,-10.5,97.69,-18.6,-23.8,20.7,-0.36,1.6,12.1,92.9,0.09
01/07/2013,EA19,Euro area (19 countries),99.4,-8.3,-23.5,-26.8,-35.8,-13.3,-13.8,-4.2,-7.6,97.97,-17.7,-21.7,20.5,-0.36,1.6,12,92.83,0.09
01/08/2013,EA19,Euro area (19 countries),99.73,-5.4,-18,-25.6,-34.1,-10,-12.3,-1.8,-4.4,98.32,-16.3,-16.3,22.2,-0.36,1.3,12,92.99,0.08
01/09/2013,EA19,Euro area (19 countries),99.98,-4.6,-18.6,-23.6,-32.7,-7.2,-10.6,0.2,-2.8,98.62,-14.4,-13.6,19.6,0.04,1.1,12.1,93.02,0.08
01/10/2013,EA19,Euro area (19 countries),100.15,-3.8,-17.3,-24.1,-33,-8.2,-12.2,0.2,-2.2,98.78,-15,-13.4,21.5,0.04,0.7,12,92.9,0.09
01/11/2013,EA19,Euro area (19 countries),100.27,-3.2,-15.6,-25.7,-33.9,-8.2,-11.8,2.2,-1,98.92,-14.3,-14.3,17,0.04,0.9,12,93.1,0.1
01/12/2013,EA19,Euro area (19 countries),100.34,-3,-15.6,-24.9,-33.2,-4.9,-10.7,2.4,-0.5,99.08,-13.8,-11.6,19.5,0.77,0.8,11.9,93.06,0.17
01/01/2014,EA19,Euro area (19 countries),100.4,-2.6,-14.2,-25,-34.6,-4.4,-8.7,3.8,0,99.27,-12.9,-9.9,20.9,0.77,0.8,12,92.9,0.2
01/02/2014,EA19,Euro area (19 countries),100.45,-2.3,-13.7,-24.8,-33.7,-2.9,-8.6,3.5,-0.2,99.46,-12.5,-10.6,18.4,0.77,0.7,12,92.98,0.16
01/03/2014,EA19,Euro area (19 countries),100.46,-2.1,-13.1,-24.6,-35,-2.6,-7.3,5.9,3.9,99.63,-11.5,-8,17,1.53,0.5,11.9,93.1,0.19
01/04/2014,EA19,Euro area (19 countries),100.42,-2.3,-12.3,-25.9,-35.7,-2.6,-3.8,5.2,2.3,99.75,-11.5,-7.2,13.1,1.53,0.7,11.8,93.27,0.25
01/05/2014,EA19,Euro area (19 countries),100.32,-2.8,-13.7,-25.9,-36.6,-3.6,-6.4,4.8,3.5,99.81,-11.1,-7.9,13.1,1.53,0.5,11.7,93.7,0.25
01/06/2014,EA19,Euro area (19 countries),100.19,-4.2,-15.6,-27.5,-36.6,-3,-7.5,5.3,3.3,99.8,-11.1,-8.3,11.5,1.21,0.5,11.6,94.11,0.08
01/07/2014,EA19,Euro area (19 countries),100.1,-3.7,-14.7,-25.9,-37,-3.7,-8.6,5,3.6,99.7,-11.1,-7.4,12.6,1.21,0.4,11.6,94.33,0.04
01/08/2014,EA19,Euro area (19 countries),100,-4.5,-13.6,-25.7,-36,-6.1,-9.6,4.5,2.8,99.52,-12.4,-11.9,10.9,1.21,0.4,11.5,94.72,0.02
01/09/2014,EA19,Euro area (19 countries),99.93,-5.4,-15.7,-25.1,-35.3,-8.4,-10.7,4,2.1,99.4,-12.8,-14.4,7.6,1.4,0.3,11.5,95,0.01
01/10/2014,EA19,Euro area (19 countries),99.94,-5.1,-15.6,-24.3,-34.4,-7.8,-8.7,3.8,1.1,99.39,-12.3,-13.9,8.6,1.4,0.4,11.6,95.16,0
01/11/2014,EA19,Euro area (19 countries),100,-3.9,-13.5,-25,-35.6,-7,-8.5,4.1,2.9,99.48,-12.5,-13.4,8.2,1.4,0.3,11.6,95.72,-0.01
01/12/2014,EA19,Euro area (19 countries),100.06,-4.8,-14.4,-25.2,-35.5,-5.3,-5.5,5.6,3.9,99.75,-11.8,-11.6,6.7,1.47,-0.2,11.4,96.78,-0.03
01/01/2015,EA19,Euro area (19 countries),100.19,-3.8,-13.8,-24.9,-35.9,-3.6,-3.8,5.8,4.4,100.18,-10.2,-7.6,0.6,1.47,-0.6,11.3,97.72,-0.05
01/02/2015,EA19,Euro area (19 countries),100.38,-2.9,-13.3,-24.7,-34.8,-1.4,-2.3,6,5.2,100.67,-7.7,-2.4,1.6,1.47,-0.3,11.3,98.14,-0.04
01/03/2015,EA19,Euro area (19 countries),100.57,-0.9,-9.6,-23.2,-34.2,-0.3,0,7.5,6,100.98,-6.4,-0.1,4.1,1.69,-0.1,11.3,98.45,-0.05
01/04/2015,EA19,Euro area (19 countries),100.65,-1.2,-8.8,-24.1,-33.9,0.7,-2.1,8,6.6,101.01,-6.8,-1.9,5.6,1.69,0.2,11.1,99.13,-0.07
01/05/2015,EA19,Euro area (19 countries),100.65,-1.4,-9.8,-24.1,-33.4,1.2,-1.6,8.5,7.5,100.85,-7.8,-4.2,7.4,1.69,0.6,11.1,99.78,-0.11
01/06/2015,EA19,Euro area (19 countries),100.62,-1.6,-10.1,-23.2,-33,-0.4,-2.9,9.2,8.4,100.68,-8.1,-5.4,8,1.96,0.5,11,99.95,-0.12
01/07/2015,EA19,Euro area (19 countries),100.6,-1.3,-9.4,-22.3,-32.9,1.7,-3.3,9.6,9,100.56,-9.1,-8.6,8.3,1.96,0.5,10.8,100.31,-0.12
01/08/2015,EA19,Euro area (19 countries),100.58,-1.9,-8.7,-21.2,-31.9,3.5,0,11.2,10.3,100.59,-8.3,-5.6,8.1,1.96,0.4,10.7,100.65,-0.12
01/09/2015,EA19,Euro area (19 countries),100.57,-1.4,-10.1,-21,-30.9,2.9,-0.3,12.3,11.7,100.7,-8,-8.3,7.1,1.88,0.2,10.7,100.62,-0.14
01/10/2015,EA19,Euro area (19 countries),100.54,-1.8,-10.4,-19.5,-29.4,5.3,2.7,12.2,10.3,100.84,-7.8,-6.9,4.2,1.88,0.4,10.7,101.1,-0.14
01/11/2015,EA19,Euro area (19 countries),100.52,-2.3,-10.9,-17.9,-27.7,4.8,0.6,12.8,11.2,101,-7,-5.1,6.4,1.88,0.1,10.6,101.92,-0.13
01/12/2015,EA19,Euro area (19 countries),100.51,-1.6,-8.8,-17.5,-27.6,1.4,-1.3,12.5,11,101.09,-6.4,-5.1,7.9,1.99,0.3,10.5,102.22,-0.2
01/01/2016,EA19,Euro area (19 countries),100.49,-2,-8.8,-18,-27.3,2,-1.2,12.6,11.3,101.04,-6.6,-5.6,5.5,1.99,0.3,10.4,102.53,-0.24
01/02/2016,EA19,Euro area (19 countries),100.47,-2.6,-10.6,-17.2,-26.8,1.4,-2.1,11.1,8.7,100.88,-7.4,-9.5,6.7,1.99,-0.1,10.4,103,-0.24
01/03/2016,EA19,Euro area (19 countries),100.47,-1.9,-9.4,-18.3,-28,1.4,-0.7,10.5,7.2,100.69,-8.6,-11.5,5.8,1.91,0,10.3,103.29,-0.29
01/04/2016,EA19,Euro area (19 countries),100.47,-2.1,-10.4,-17.8,-28.4,0.9,-2.7,12.1,11.2,100.6,-8.3,-10.9,6.3,1.91,-0.3,10.3,103.89,-0.34
01/05/2016,EA19,Euro area (19 countries),100.46,-2.5,-10.2,-17.1,-26.8,2.2,-0.7,12.2,10.9,100.56,-8.7,-9.8,6.5,1.91,-0.1,10.2,104.55,-0.34
01/06/2016,EA19,Euro area (19 countries),100.48,-1.8,-9.8,-17,-26.1,-0.1,-0.7,11.2,10.7,100.55,-8.2,-11.1,8.2,1.68,0,10.1,104.84,-0.33
01/07/2016,EA19,Euro area (19 countries),100.49,-2,-8.5,-15.2,-24.3,0.6,-2.4,10.8,9.3,100.54,-8.7,-12,7.3,1.68,0.2,10,105.39,-0.33
01/08/2016,EA19,Euro area (19 countries),100.54,-2.6,-11.1,-13.9,-23.5,-2.1,-2.2,10.4,9,100.56,-8.6,-11.4,7.6,1.68,0.2,9.9,105.77,-0.34
01/09/2016,EA19,Euro area (19 countries),100.68,-0.7,-7.8,-13.3,-21.7,-1,-0.4,10,8.6,100.66,-8.5,-11,8,1.74,0.4,9.9,105.74,-0.34
01/10/2016,EA19,Euro area (19 countries),100.82,0,-7.9,-12.2,-20.7,-1,-1.8,12.1,10.8,100.84,-7.6,-9,7.3,1.74,0.5,9.8,105.9,-0.35
01/11/2016,EA19,Euro area (19 countries),100.95,-0.2,-8.2,-11.9,-19.3,0.7,1.2,12.3,10.7,101.02,-6.8,-6.7,9.7,1.74,0.6,9.9,106.5,-0.35
01/12/2016,EA19,Euro area (19 countries),101.13,1.4,-4.8,-10.6,-19.4,2.5,1.6,13.5,12.6,101.14,-6.3,-5.3,13.4,2.04,1.1,9.7,107.2,-0.35
01/01/2017,EA19,Euro area (19 countries),101.29,2,-4.9,-10.6,-19.1,2.2,2.7,14.3,13.1,101.15,-6.1,-5.6,17.9,2.04,1.7,9.6,107.56,-0.35
01/02/2017,EA19,Euro area (19 countries),101.44,3.2,-2,-8.2,-16.1,2.1,2.1,14.3,13.1,101.1,-7.4,-9,18.2,2.04,2,9.5,107.85,-0.35
01/03/2017,EA19,Euro area (19 countries),101.55,3.1,-1.8,-7.3,-14.2,2.6,3.3,14.4,12.2,101.15,-6.5,-6.8,19.5,2.17,1.5,9.5,108.5,-0.35
01/04/2017,EA19,Euro area (19 countries),101.66,4,0.6,-4.6,-11.5,4.2,2.7,15.1,12.7,101.25,-6,-5.9,16.9,2.17,1.9,9.3,109.22,-0.36
01/05/2017,EA19,Euro area (19 countries),101.8,4.5,0.3,-3.8,-11.5,1.2,2.7,13.5,12.3,101.37,-6,-5.5,15.6,2.17,1.4,9.2,109.53,-0.36
01/06/2017,EA19,Euro area (19 countries),101.94,5.6,3.2,-2.6,-10.6,3.3,2.7,13.7,12.8,101.52,-5,-2.4,16.1,2.73,1.3,9.1,109.78,-0.36
01/07/2017,EA19,Euro area (19 countries),102.07,6.4,4,-0.9,-9.7,3.8,2.9,14,13,101.64,-4.7,-1.8,14.8,2.73,1.3,9.1,110.12,-0.36
01/08/2017,EA19,Euro area (19 countries),102.2,6,2.9,-1.5,-9,0.1,0.2,15.1,13.5,101.74,-4.5,-2.2,15,2.73,1.5,9,110.55,-0.36
01/09/2017,EA19,Euro area (19 countries),102.39,7.8,5.5,0,-7.4,1.7,3.7,15.4,13.7,101.84,-4.4,-1,17,3.04,1.6,8.9,110.88,-0.36
01/10/2017,EA19,Euro area (19 countries),102.57,8.9,7.8,0.9,-5.6,3.9,5.1,16.3,14.1,101.99,-3.6,1.3,17.2,3.04,1.4,8.8,111.05,-0.36
01/11/2017,EA19,Euro area (19 countries),102.68,9.1,8.6,2.4,-3.5,3.3,6.4,16.5,14,102.13,-3.2,2.3,18.9,3.04,1.5,8.7,111.47,-0.35
01/12/2017,EA19,Euro area (19 countries),102.73,9.6,9.1,3.8,-3,5.2,6,18,15.5,102.22,-2.5,3.2,18.1,3.09,1.3,8.7,111.88,-0.34
01/01/2018,EA19,Euro area (19 countries),102.69,9.8,9.7,4.8,-2.2,5,7.4,17.5,16,102.18,-2.8,3.8,24.1,3.09,1.3,8.7,111.94,-0.36
01/02/2018,EA19,Euro area (19 countries),102.55,8.5,8.6,4.6,-1.7,4.4,5.9,17.5,15.3,102.04,-3.5,1.7,22,3.09,1.1,8.6,111.9,-0.36
01/03/2018,EA19,Euro area (19 countries),102.41,7,7.2,5.7,-1.2,1.3,5.1,16.8,14.1,101.88,-4.2,-0.2,19.9,2.39,1.4,8.5,112.2,-0.36
01/04/2018,EA19,Euro area (19 countries),102.32,7.9,6.4,5.3,-1.3,-0.2,4.4,15.9,13.2,101.74,-4.2,-1.9,19.2,2.39,1.2,8.4,112.78,-0.37
01/05/2018,EA19,Euro area (19 countries),102.23,6.6,7.7,6.7,0.5,0.8,5.7,14,11.8,101.6,-5.4,-5.1,20.4,2.39,2,8.3,113.43,-0.36
01/06/2018,EA19,Euro area (19 countries),102.14,7,6.9,4.9,0.1,0.1,3.2,13.7,12.2,101.53,-5.1,-5.8,21.5,2.14,2,8.2,114.28,-0.36
01/07/2018,EA19,Euro area (19 countries),102.01,5.4,5.3,6.4,1.5,0.2,2.1,13.9,11.1,101.49,-5.2,-6.2,21.5,2.14,2.2,8.1,114.71,-0.36
01/08/2018,EA19,Euro area (19 countries),101.92,4.9,3.3,7.5,2.2,0.8,3.3,14,10.3,101.44,-5.4,-5.9,21.6,2.14,2.1,8,114.71,-0.36
01/09/2018,EA19,Euro area (19 countries),101.87,5.4,5.3,8.8,4.4,1.9,3.3,14.5,11.1,101.37,-6.2,-7.4,23.4,1.36,2.1,8,114.84,-0.36
01/10/2018,EA19,Euro area (19 countries),101.78,4.3,1.3,8.9,4.2,-1,2.5,13.8,10,101.33,-5.4,-6.8,24.1,1.36,2.3,8,115.13,-0.37
01/11/2018,EA19,Euro area (19 countries),101.64,4.5,2.2,9.9,4.5,-0.1,3.1,14.3,10.2,101.22,-6,-8.9,25,1.36,1.9,8,115.73,-0.36
01/12/2018,EA19,Euro area (19 countries),101.4,2.6,-0.7,8,5,0.6,1.4,13.4,8.6,101.1,-7.4,-12.2,22.6,1.19,1.5,7.9,116.38,-0.36
01/01/2019,EA19,Euro area (19 countries),101.1,0.7,-2,9,4.4,-0.9,0.4,12.8,7.4,101.1,-6.6,-11.2,19.9,1.19,1.4,7.9,116.55,-0.37
01/02/2019,EA19,Euro area (19 countries),100.83,-0.2,-2.9,8.4,4.6,-0.1,0.4,13.1,8.1,101.14,-6.5,-11.7,22.8,1.19,1.5,7.8,116.67,-0.37
01/03/2019,EA19,Euro area (19 countries),100.57,-1.4,-4.3,8.8,5.1,1.3,3.2,13,8.5,101.16,-6.1,-10.2,21.1,1.83,1.4,7.7,117.47,-0.37
01/04/2019,EA19,Euro area (19 countries),100.32,-4,-6.3,7.7,6,-0.5,4.6,12.9,7.4,101.14,-6.9,-13.1,19,1.83,1.7,7.7,118.43,-0.37
01/05/2019,EA19,Euro area (19 countries),100.14,-2.6,-7,6,5.8,-0.9,0.1,11.4,6.9,101.12,-6.4,-12.2,23.3,1.83,1.2,7.7,119.16,-0.37
01/06/2019,EA19,Euro area (19 countries),99.9,-5.3,-10.2,7.6,4.9,-0.4,-2.8,9.6,6.3,101.1,-6.9,-13.1,22.2,1.61,1.3,7.5,119.86,-0.36
01/07/2019,EA19,Euro area (19 countries),99.68,-7.2,-14.2,6.3,3.8,-0.7,0.5,8.4,5.1,101.08,-6.4,-11.8,20.4,1.61,1,7.5,120.43,-0.37
01/08/2019,EA19,Euro area (19 countries),99.58,-5.6,-12.2,5.4,3,-0.7,-2.6,8.1,4.5,101.04,-7.2,-15.4,20.7,1.61,1,7.5,121.24,-0.36
01/09/2019,EA19,Euro area (19 countries),99.46,-7.9,-16.1,4.9,2.9,-0.2,1,9,5.4,101.04,-6.7,-13.8,19.4,1.81,0.8,7.5,121.64,-0.4
01/10/2019,EA19,Euro area (19 countries),99.45,-8,-16.5,5.5,3.2,-1.2,1.3,9.3,4.4,101.05,-7.3,-14.2,20.8,1.81,0.7,7.5,121.74,-0.46
01/11/2019,EA19,Euro area (19 countries),99.55,-7.3,-15.7,5.1,3.3,0.1,2.2,10.3,5.6,101.09,-6.6,-12.7,19.8,1.81,1,7.5,122.49,-0.45
01/12/2019,EA19,Euro area (19 countries),99.7,-7.8,-17.2,6.6,4.4,2,2.4,14.1,8.7,101.06,-7.7,-15.3,21.2,1.17,1.3,7.5,122.77,-0.46
01/01/2020,EA19,Euro area (19 countries),99.71,-5.1,-15.6,6,3.6,1.3,0.9,14.1,9.4,100.9,-7.2,-15.3,22.4,1.17,1.4,7.5,122.59,-0.45
01/02/2020,EA19,Euro area (19 countries),99.11,-4.5,-12.7,6,2.7,0.8,4.2,13.2,8.4,100.28,-6.1,-12.5,23.4,1.17,1.2,7.4,123.09,-0.45
01/03/2020,EA19,Euro area (19 countries),97.61,-11.1,-15.5,0.1,-1.9,-9.8,-9.9,-3,-2.6,98.94,-12.3,-31.7,24.8,-2.85,0.7,7.2,125.19,-0.45
01/04/2020,EA19,Euro area (19 countries),95.85,-37.1,-43.1,-20.6,-19.4,-35.7,-51.4,-46.6,-42.6,97.58,-24.8,-59.3,30.6,-2.85,0.3,7.4,127.64,-0.45
01/05/2020,EA19,Euro area (19 countries),95.58,-29.5,-52.6,-18.6,-22.5,-34.6,-35.4,-52.2,-62.9,97.47,-20.5,-45.3,30.1,-2.85,0.1,7.6,129.47,-0.46
01/06/2020,EA19,Euro area (19 countries),96.43,-21.6,-51.1,-11.7,-19.8,-20.7,-13.1,-40.8,-57.3,98.12,-14.5,-28.7,21.4,-14.24,0.3,8.1,130.86,-0.46
01/07/2020,EA19,Euro area (19 countries),97.6,-15.1,-44.2,-10.7,-18.2,-14.3,-7,-28.4,-44.5,98.66,-14.5,-27.7,15.3,-14.24,0.4,8.4,131.69,-0.46
01/08/2020,EA19,Euro area (19 countries),98.59,-10.7,-35.1,-10.2,-15.8,-9.2,-6.9,-14.8,-25.2,98.95,-14.2,-27.3,14.7,-14.24,-0.2,8.6,132.22,-0.47
01/09/2020,EA19,Euro area (19 countries),99.25,-8.4,-31.4,-7.2,-14.1,-5.6,-5.6,-6.1,-12.2,99.03,-12.8,-22,10.1,-3.85,-0.3,8.6,132.73,-0.47
01/10/2020,EA19,Euro area (19 countries),99.64,-5.7,-24.3,-5.9,-13.2,-3.9,-3.3,-6.4,-11.6,98.87,-14.6,-27.6,12,-3.85,-0.3,8.4,133.69,-0.47
01/11/2020,EA19,Euro area (19 countries),99.86,-6.7,-20.9,-5.9,-12.9,-10.3,-18.2,-11.3,-13.6,98.78,-16.7,-33,15.5,-3.85,-0.3,8.2,134.79,-0.47
01/12/2020,EA19,Euro area (19 countries),100.16,-3.2,-16.1,-5.2,-11.5,-9.2,-10,-8.5,-16.2,98.99,-12.1,-21.8,15.1,-4.11,-0.3,8.2,135.93,-0.47
01/01/2021,EA19,Euro area (19 countries),100.51,-2.6,-14.1,-4.1,-9.7,-15.5,-17,-8.6,-16.6,99.16,-13.8,-25.3,16.8,-4.11,0.9,8.2,136.86,-0.48
01/02/2021,EA19,Euro area (19 countries),100.99,0.2,-12.5,-3.6,-7.4,-16.1,-17.3,-8.6,-15.4,99.47,-13,-22.8,17.9,-4.11,0.9,8.2,137.47,-0.48
01/03/2021,EA19,Euro area (19 countries),101.56,3.6,-7.1,0.1,-4.3,-10.7,-8,-4.1,-11.8,99.98,-9.8,-15.3,20.8,-0.84,1.3,8.2,138.14,-0.48
01/04/2021,EA19,Euro area (19 countries),102.14,6.8,-0.9,2.1,-2.6,-7.1,-4.9,-1.9,-9.7,100.58,-10,-15.7,22.2,-0.84,1.6,8.2,138.98,-0.48
01/05/2021,EA19,Euro area (19 countries),102.65,8.8,4.5,3.6,-0.7,-3.5,0.2,4.7,-4.1,101.33,-5.6,-2.4,26,-0.84,2,8.1,139.89,-0.48
01/06/2021,EA19,Euro area (19 countries),103.09,11.3,9.2,5.1,0.4,4.6,7.5,13.4,9.8,101.9,-2.1,6.4,29.1,14.21,1.9,7.9,140.75,-0.48
01/07/2021,EA19,Euro area (19 countries),103.42,13.9,12,4.4,1.2,5.7,8.8,16.4,14.2,101.99,-3.8,2.4,29.7,14.21,2.2,7.7,141.86,-0.48
01/08/2021,EA19,Euro area (19 countries),103.58,13.5,10.7,5.3,2.2,6.1,9,17.2,15.8,101.88,-5.3,-1.6,30.2,14.21,3,7.5,142.76,-0.48
01/09/2021,EA19,Euro area (19 countries),103.66,14.1,11.3,8.4,3.4,3.8,7.9,17.6,15.3,101.75,-3.6,2.5,31.3,3.94,3.4,7.3,143.07,-0.49
01/10/2021,EA19,Euro area (19 countries),103.69,14.5,12.1,9,5.9,3.9,9,20.6,17.7,101.43,-5.2,0.3,39.9,3.94,4.1,7.3,143.88,-0.49
01/11/2021,EA19,Euro area (19 countries),103.69,14,14.1,9.8,6.9,4.6,7.8,19.7,15.9,100.97,-8.1,-7.4,39.4,3.94,4.9,7.1,144.97,-0.49
01/12/2021,EA19,Euro area (19 countries),103.66,14.4,14.1,10.4,8.5,2.5,4.5,13.3,9.5,100.56,-9.2,-11.2,35.1,4.77,5,7,145.79,-0.49
01/01/2022,EA19,Euro area (19 countries),103.52,13.5,13.7,9.3,7.9,3.5,4,10.9,6.2,100.07,-9.6,-13.7,38,4.77,5.1,6.9,146.1,-0.58
01/02/2022,EA19,Euro area (19 countries),103.24,13.9,14.4,10.2,8.1,4.8,5.7,14.2,7.6,99.18,-9.4,-9.7,37.5,4.77,5.9,6.8,146.25,-0.58
01/03/2022,EA19,Euro area (19 countries),102.76,8.3,13.7,8.7,7.2,-3.4,0.1,12.7,6.3,97.78,-21.9,-44.2,64,5.51,7.4,6.8,146.9,-0.58
01/04/2022,EA19,Euro area (19 countries),102.38,7.1,12.8,6.5,4.8,-5,-3.4,12.4,4.3,96.87,-22.4,-41.5,50.6,5.51,7.4,6.7,147.93,-0.58
01/05/2022,EA19,Euro area (19 countries),102.12,5.8,7.5,6.7,3.4,-4.9,-1.9,12.4,6.8,96.39,-21.5,-39.5,45.8,5.51,8.1,6.7,148.72,-0.58
01/06/2022,EA19,Euro area (19 countries),101.91,6.8,9.4,3.1,2.2,-5.4,-4.6,12.3,8.7,95.92,-24,-42.4,42.7,4.33,8.6,6.7,149.32,-0.58
01/07/2022,EA19,Euro area (19 countries),101.56,3.3,5.2,2.9,0.2,-7,-6,8.6,4.5,95.5,-27.2,-48.4,42.5,4.33,8.9,6.6,150.28,-0.57
01/08/2022,EA19,Euro area (19 countries),101.21,1.3,0.9,4.1,-1,-6,-7.4,7.9,3.1,95.28,-25,-42.7,36.5,4.33,9.1,6.7,151.23,-0.09
01/09/2022,EA19,Euro area (19 countries),100.93,0.1,1,1.3,-2,-7.7,-10.7,5.1,0.9,95.11,-28.7,-48.8,40.6,2.34,9.9,6.7,152.08,0.25
01/10/2022,EA19,Euro area (19 countries),100.76,-0.6,0,3,-2.5,-6,-10.9,3.4,-1.6,95.34,-27.5,-44.7,36.7,2.34,10.6,6.6,152.23,0.66
01/11/2022,EA19,Euro area (19 countries),100.72,-1.3,-2.7,2.7,-2.7,-5.8,-11,4.2,-1.7,95.9,-23.8,-37.8,29.5,2.34,10.1,6.6,152.18,1.27
01/12/2022,EA19,Euro area (19 countries),100.83,-0.6,-2.3,3.6,-2.3,-2.7,-6.4,7.7,0.5,96.5,-22.1,-32.5,23.2,1.91,9.2,6.6,152.39,1.5
01/01/2023,EA19,Euro area (19 countries),101.04,1.3,-2.4,1.3,-3.4,-0.8,-7.2,10.7,3.5,97.03,-20.9,-30.1,17.7,1.91,9.2,6.6,152.39,1.9
